Unnamed: 0,EventId,template
0.0,E1,Component State Change: Component <*> is in the unavailable state (HWID=1973)
1.0,E2,Component State Change: Component <*> is in the unavailable state (HWID=3891)
2.0,E2,Component State Change: Component <*> is in the unavailable state (HWID=3891)
3.0,E2,Component State Change: Component <*> is in the unavailable state (HWID=3891)
4.0,E2,Component State Change: Component <*> is in the unavailable state (HWID=3891)
5.0,E2,Component State Change: Component <*> is in the unavailable state (HWID=3891)
6.0,E2,Component State Change: Component <*> is in the unavailable state (HWID=3891)
7.0,E2,Component State Change: Component <*> is in the unavailable state (HWID=3891)
8.0,E2,Component State Change: Component <*> is in the unavailable state (HWID=3891)
9.0,E2,Component State Change: Component <*> is in the unavailable state (HWID=3891)
10.0,E2,Component State Change: Component <*> is in the unavailable state (HWID=3891)
11.0,E2,Component State Change: Component <*> is in the unavailable state (HWID=3891)
12.0,E3,clusterAddMember  (command <*>)
13.0,E3,clusterAddMember  (command <*>)
14.0,E4,r<*>sBoot  (command <*>903)
15.0,E5,bootGenvmunix  (command <*>)
16.0,E6,boot  (command <*>)
17.0,E6,boot  (command <*>)
18.0,E6,boot  (command <*>)
19.0,E6,boot  (command <*>)
20.0,E7,wait  (command <*>)
21.0,E6,boot  (command <*>)
22.0,E8,halt (command <*>)
23.0,E6,boot  (command <*>)
24.0,E6,boot  (command <*>)
25.0,E7,wait  (command <*>)
26.0,E7,wait  (command <*>)
27.0,E6,boot  (command <*>)
28.0,E7,wait  (command <*>)
29.0,E6,boot  (command <*>)
30.0,E6,boot  (command <*>)
31.0,E6,boot  (command <*>)
32.0,E8,halt (command <*>)
33.0,E7,wait  (command <*>)
34.0,E7,wait  (command <*>)
35.0,E7,wait  (command <*>)
36.0,E7,wait  (command <*>)
37.0,E6,boot  (command <*>)
38.0,E7,wait  (command <*>)
39.0,E7,wait  (command <*>)
40.0,E7,wait  (command <*>)
41.0,E7,wait  (command <*>)
42.0,E6,boot  (command <*>)
43.0,E6,boot  (command <*>)
44.0,E6,boot  (command <*>)
45.0,E7,wait  (command <*>)
46.0,E7,wait  (command <*>)
47.0,E7,wait  (command <*>)
48.0,E6,boot  (command <*>)
49.0,E6,boot  (command <*>)
50.0,E6,boot  (command <*>)
51.0,E6,boot  (command <*>)
52.0,E6,boot  (command <*>)
53.0,E7,wait  (command <*>)
54.0,E7,wait  (command <*>)
55.0,E6,boot  (command <*>)
56.0,E7,wait  (command <*>)
57.0,E6,boot  (command <*>)
58.0,E7,wait  (command <*>)
59.0,E6,boot  (command <*>)
60.0,E7,wait  (command <*>)
61.0,E7,wait  (command <*>)
62.0,E6,boot  (command <*>)
63.0,E7,wait  (command <*>)
64.0,E6,boot  (command <*>)
65.0,E7,wait  (command <*>)
66.0,E6,boot  (command <*>)
67.0,E6,boot  (command <*>)
68.0,E6,boot  (command <*>)
69.0,E6,boot  (command <*>)
70.0,E6,boot  (command <*>)
71.0,E7,wait  (command <*>)
72.0,E6,boot  (command <*>)
73.0,E7,wait  (command <*>)
74.0,E6,boot  (command <*>)
75.0,E6,boot  (command <*>)
76.0,E6,boot  (command <*>)
77.0,E7,wait  (command <*>)
78.0,E6,boot  (command <*>)
79.0,E7,wait  (command <*>)
80.0,E7,wait  (command <*>)
81.0,E7,wait  (command <*>)
82.0,E6,boot  (command <*>)
83.0,E7,wait  (command <*>)
84.0,E7,wait  (command <*>)
85.0,E7,wait  (command <*>)
86.0,E7,wait  (command <*>)
87.0,E7,wait  (command <*>)
88.0,E7,wait  (command <*>)
89.0,E6,boot  (command <*>)
90.0,E7,wait  (command <*>)
91.0,E6,boot  (command <*>)
92.0,E8,halt (command <*>)
93.0,E7,wait  (command <*>)
94.0,E7,wait  (command <*>)
95.0,E7,wait  (command <*>)
96.0,E7,wait  (command <*>)
97.0,E6,boot  (command <*>)
98.0,E6,boot  (command <*>)
99.0,E6,boot  (command <*>)
100.0,E6,boot  (command <*>)
101.0,E6,boot  (command <*>)
102.0,E6,boot  (command <*>)
103.0,E6,boot  (command <*>)
104.0,E7,wait  (command <*>)
105.0,E7,wait  (command <*>)
106.0,E6,boot  (command <*>)
107.0,E7,wait  (command <*>)
108.0,E6,boot  (command <*>)
109.0,E6,boot  (command <*>)
110.0,E7,wait  (command <*>)
111.0,E7,wait  (command <*>)
112.0,E7,wait  (command <*>)
113.0,E6,boot  (command <*>)
114.0,E6,boot  (command <*>)
115.0,E6,boot  (command <*>)
116.0,E6,boot  (command <*>)
117.0,E6,boot  (command <*>)
118.0,E7,wait  (command <*>)
119.0,E6,boot  (command <*>)
120.0,E7,wait  (command <*>)
121.0,E6,boot  (command <*>)
122.0,E7,wait  (command <*>)
123.0,E6,boot  (command <*>)
124.0,E7,wait  (command <*>)
125.0,E6,boot  (command <*>)
126.0,E7,wait  (command <*>)
127.0,E7,wait  (command <*>)
128.0,E7,wait  (command <*>)
129.0,E7,wait  (command <*>)
130.0,E6,boot  (command <*>)
131.0,E6,boot  (command <*>)
132.0,E6,boot  (command <*>)
133.0,E6,boot  (command <*>)
134.0,E7,wait  (command <*>)
135.0,E7,wait  (command <*>)
136.0,E7,wait  (command <*>)
137.0,E6,boot  (command <*>)
138.0,E7,wait  (command <*>)
139.0,E7,wait  (command <*>)
140.0,E6,boot  (command <*>)
141.0,E7,wait  (command <*>)
142.0,E7,wait  (command <*>)
143.0,E6,boot  (command <*>)
144.0,E7,wait  (command <*>)
145.0,E6,boot  (command <*>)
146.0,E6,boot  (command <*>)
147.0,E7,wait  (command <*>)
148.0,E7,wait  (command <*>)
149.0,E5,bootGenvmunix  (command <*>)
150.0,E6,boot  (command <*>)
151.0,E7,wait  (command <*>)
152.0,E7,wait  (command <*>)
153.0,E9,Command has completed successfully
154.0,E9,Command has completed successfully
155.0,E9,Command has completed successfully
156.0,E9,Command has completed successfully
157.0,E9,Command has completed successfully
158.0,E9,Command has completed successfully
159.0,E9,Command has completed successfully
160.0,E9,Command has completed successfully
161.0,E9,Command has completed successfully
162.0,E9,Command has completed successfully
163.0,E10,Targeting domains:node-<*> and nodes:node-[<*>-<*>] child of command <*>
164.0,E10,Targeting domains:node-<*> and nodes:node-[<*>-<*>] child of command <*>
165.0,E11,Targeting domains:node-<*> and nodes:node-[<*>]
166.0,E10,Targeting domains:node-<*> and nodes:node-[<*>-<*>] child of command <*>
167.0,E10,Targeting domains:node-<*> and nodes:node-[<*>-<*>] child of command <*>
168.0,E11,Targeting domains:node-<*> and nodes:node-[<*>]
169.0,E11,Targeting domains:node-<*> and nodes:node-[<*>]
170.0,E10,Targeting domains:node-<*> and nodes:node-[<*>-<*>] child of command <*>
171.0,E11,Targeting domains:node-<*> and nodes:node-[<*>]
172.0,E12,psu failure\ ambient=<*>
173.0,E12,psu failure\ ambient=<*>
174.0,E12,psu failure\ ambient=<*>
175.0,E12,psu failure\ ambient=<*>
176.0,E12,psu failure\ ambient=<*>
177.0,E13,Temperature (<*>) exceeds warning threshold
178.0,E13,Temperature (<*>) exceeds warning threshold
179.0,E14,ClusterFileSystem: There is no server for ServerFileSystem domain storage<*>
180.0,E14,ClusterFileSystem: There is no server for ServerFileSystem domain storage<*>
181.0,E14,ClusterFileSystem: There is no server for ServerFileSystem domain storage<*>
182.0,E14,ClusterFileSystem: There is no server for ServerFileSystem domain storage<*>
183.0,E14,ClusterFileSystem: There is no server for ServerFileSystem domain storage<*>
184.0,E14,ClusterFileSystem: There is no server for ServerFileSystem domain storage<*>
185.0,E14,ClusterFileSystem: There is no server for ServerFileSystem domain storage<*>
186.0,E14,ClusterFileSystem: There is no server for ServerFileSystem domain storage<*>
187.0,E14,ClusterFileSystem: There is no server for ServerFileSystem domain storage<*>
188.0,E14,ClusterFileSystem: There is no server for ServerFileSystem domain storage<*>
189.0,E14,ClusterFileSystem: There is no server for ServerFileSystem domain storage<*>
190.0,E14,ClusterFileSystem: There is no server for ServerFileSystem domain storage<*>
191.0,E14,ClusterFileSystem: There is no server for ServerFileSystem domain storage<*>
192.0,E14,ClusterFileSystem: There is no server for ServerFileSystem domain storage<*>
193.0,E14,ClusterFileSystem: There is no server for ServerFileSystem domain storage<*>
194.0,E14,ClusterFileSystem: There is no server for ServerFileSystem domain storage<*>
195.0,E14,ClusterFileSystem: There is no server for ServerFileSystem domain storage<*>
196.0,E14,ClusterFileSystem: There is no server for ServerFileSystem domain storage<*>
197.0,E14,ClusterFileSystem: There is no server for ServerFileSystem domain storage<*>
198.0,E14,ClusterFileSystem: There is no server for ServerFileSystem domain storage<*>
199.0,E14,ClusterFileSystem: There is no server for ServerFileSystem domain storage<*>
200.0,E14,ClusterFileSystem: There is no server for ServerFileSystem domain storage<*>
201.0,E14,ClusterFileSystem: There is no server for ServerFileSystem domain storage<*>
202.0,E14,ClusterFileSystem: There is no server for ServerFileSystem domain storage<*>
203.0,E14,ClusterFileSystem: There is no server for ServerFileSystem domain storage<*>
204.0,E14,ClusterFileSystem: There is no server for ServerFileSystem domain storage<*>
205.0,E14,ClusterFileSystem: There is no server for ServerFileSystem domain storage<*>
206.0,E14,ClusterFileSystem: There is no server for ServerFileSystem domain storage<*>
207.0,E14,ClusterFileSystem: There is no server for ServerFileSystem domain storage<*>
208.0,E14,ClusterFileSystem: There is no server for ServerFileSystem domain storage<*>
209.0,E14,ClusterFileSystem: There is no server for ServerFileSystem domain storage<*>
210.0,E14,ClusterFileSystem: There is no server for ServerFileSystem domain storage<*>
211.0,E15,NIFF: node node-<*> detected a failed network connection on network 5.5.224.0 via interface alt0
212.0,E15,NIFF: node node-<*> detected a failed network connection on network 5.5.224.0 via interface alt0
213.0,E16,d: ServerFileSystem: An d domain panic has occurred on storage<*>
214.0,E17,Fan speeds ( <*> <*> <*> **** <*> <*> )
215.0,E17,Fan speeds ( <*> <*> <*> **** <*> <*> )
216.0,E17,Fan speeds ( <*> <*> <*> **** <*> <*> )
217.0,E17,Fan speeds ( <*> <*> <*> **** <*> <*> )
218.0,E18,Fan speeds ( <*> <*> <*> <*> <*> <*> <*> )
219.0,E17,Fan speeds ( <*> <*> <*> **** <*> <*> )
220.0,E18,Fan speeds ( <*> <*> <*> <*> <*> <*> <*> )
221.0,E17,Fan speeds ( <*> <*> <*> **** <*> <*> )
222.0,E17,Fan speeds ( <*> <*> <*> **** <*> <*> )
223.0,E18,Fan speeds ( <*> <*> <*> <*> <*> <*> <*> )
224.0,E17,Fan speeds ( <*> <*> <*> **** <*> <*> )
225.0,E17,Fan speeds ( <*> <*> <*> **** <*> <*> )
226.0,E17,Fan speeds ( <*> <*> <*> **** <*> <*> )
227.0,E18,Fan speeds ( <*> <*> <*> <*> <*> <*> <*> )
228.0,E17,Fan speeds ( <*> <*> <*> **** <*> <*> )
229.0,E17,Fan speeds ( <*> <*> <*> **** <*> <*> )
230.0,E17,Fan speeds ( <*> <*> <*> **** <*> <*> )
231.0,E17,Fan speeds ( <*> <*> <*> **** <*> <*> )
232.0,E17,Fan speeds ( <*> <*> <*> **** <*> <*> )
233.0,E17,Fan speeds ( <*> <*> <*> **** <*> <*> )
234.0,E17,Fan speeds ( <*> <*> <*> **** <*> <*> )
235.0,E17,Fan speeds ( <*> <*> <*> **** <*> <*> )
236.0,E17,Fan speeds ( <*> <*> <*> **** <*> <*> )
237.0,E17,Fan speeds ( <*> <*> <*> **** <*> <*> )
238.0,E17,Fan speeds ( <*> <*> <*> **** <*> <*> )
239.0,E17,Fan speeds ( <*> <*> <*> **** <*> <*> )
240.0,E17,Fan speeds ( <*> <*> <*> **** <*> <*> )
241.0,E17,Fan speeds ( <*> <*> <*> **** <*> <*> )
242.0,E17,Fan speeds ( <*> <*> <*> **** <*> <*> )
243.0,E17,Fan speeds ( <*> <*> <*> **** <*> <*> )
244.0,E17,Fan speeds ( <*> <*> <*> **** <*> <*> )
245.0,E17,Fan speeds ( <*> <*> <*> **** <*> <*> )
246.0,E17,Fan speeds ( <*> <*> <*> **** <*> <*> )
247.0,E17,Fan speeds ( <*> <*> <*> **** <*> <*> )
248.0,E17,Fan speeds ( <*> <*> <*> **** <*> <*> )
249.0,E17,Fan speeds ( <*> <*> <*> **** <*> <*> )
250.0,E17,Fan speeds ( <*> <*> <*> **** <*> <*> )
251.0,E17,Fan speeds ( <*> <*> <*> **** <*> <*> )
252.0,E18,Fan speeds ( <*> <*> <*> <*> <*> <*> <*> )
253.0,E17,Fan speeds ( <*> <*> <*> **** <*> <*> )
254.0,E17,Fan speeds ( <*> <*> <*> **** <*> <*> )
255.0,E17,Fan speeds ( <*> <*> <*> **** <*> <*> )
256.0,E17,Fan speeds ( <*> <*> <*> **** <*> <*> )
257.0,E17,Fan speeds ( <*> <*> <*> **** <*> <*> )
258.0,E17,Fan speeds ( <*> <*> <*> **** <*> <*> )
259.0,E17,Fan speeds ( <*> <*> <*> **** <*> <*> )
260.0,E17,Fan speeds ( <*> <*> <*> **** <*> <*> )
261.0,E17,Fan speeds ( <*> <*> <*> **** <*> <*> )
262.0,E17,Fan speeds ( <*> <*> <*> **** <*> <*> )
263.0,E17,Fan speeds ( <*> <*> <*> **** <*> <*> )
264.0,E17,Fan speeds ( <*> <*> <*> **** <*> <*> )
265.0,E17,Fan speeds ( <*> <*> <*> **** <*> <*> )
266.0,E18,Fan speeds ( <*> <*> <*> <*> <*> <*> <*> )
267.0,E17,Fan speeds ( <*> <*> <*> **** <*> <*> )
268.0,E17,Fan speeds ( <*> <*> <*> **** <*> <*> )
269.0,E17,Fan speeds ( <*> <*> <*> **** <*> <*> )
270.0,E17,Fan speeds ( <*> <*> <*> **** <*> <*> )
271.0,E18,Fan speeds ( <*> <*> <*> <*> <*> <*> <*> )
272.0,E17,Fan speeds ( <*> <*> <*> **** <*> <*> )
273.0,E17,Fan speeds ( <*> <*> <*> **** <*> <*> )
274.0,E17,Fan speeds ( <*> <*> <*> **** <*> <*> )
275.0,E17,Fan speeds ( <*> <*> <*> **** <*> <*> )
276.0,E17,Fan speeds ( <*> <*> <*> **** <*> <*> )
277.0,E17,Fan speeds ( <*> <*> <*> **** <*> <*> )
278.0,E17,Fan speeds ( <*> <*> <*> **** <*> <*> )
279.0,E17,Fan speeds ( <*> <*> <*> **** <*> <*> )
280.0,E17,Fan speeds ( <*> <*> <*> **** <*> <*> )
281.0,E17,Fan speeds ( <*> <*> <*> **** <*> <*> )
282.0,E17,Fan speeds ( <*> <*> <*> **** <*> <*> )
283.0,E17,Fan speeds ( <*> <*> <*> **** <*> <*> )
284.0,E17,Fan speeds ( <*> <*> <*> **** <*> <*> )
285.0,E18,Fan speeds ( <*> <*> <*> <*> <*> <*> <*> )
286.0,E17,Fan speeds ( <*> <*> <*> **** <*> <*> )
287.0,E17,Fan speeds ( <*> <*> <*> **** <*> <*> )
288.0,E17,Fan speeds ( <*> <*> <*> **** <*> <*> )
289.0,E17,Fan speeds ( <*> <*> <*> **** <*> <*> )
290.0,E17,Fan speeds ( <*> <*> <*> **** <*> <*> )
291.0,E17,Fan speeds ( <*> <*> <*> **** <*> <*> )
292.0,E17,Fan speeds ( <*> <*> <*> **** <*> <*> )
293.0,E18,Fan speeds ( <*> <*> <*> <*> <*> <*> <*> )
294.0,E18,Fan speeds ( <*> <*> <*> <*> <*> <*> <*> )
295.0,E17,Fan speeds ( <*> <*> <*> **** <*> <*> )
296.0,E17,Fan speeds ( <*> <*> <*> **** <*> <*> )
297.0,E17,Fan speeds ( <*> <*> <*> **** <*> <*> )
298.0,E17,Fan speeds ( <*> <*> <*> **** <*> <*> )
299.0,E17,Fan speeds ( <*> <*> <*> **** <*> <*> )
300.0,E18,Fan speeds ( <*> <*> <*> <*> <*> <*> <*> )
301.0,E17,Fan speeds ( <*> <*> <*> **** <*> <*> )
302.0,E17,Fan speeds ( <*> <*> <*> **** <*> <*> )
303.0,E17,Fan speeds ( <*> <*> <*> **** <*> <*> )
304.0,E19,d has been <*>
305.0,E20,c/c problem
306.0,E21,Link error
307.0,E21,Link error
308.0,E21,Link error
309.0,E21,Link error
310.0,E22,C in r
311.0,E21,Link error
312.0,E21,Link error
313.0,E21,Link error
314.0,E21,Link error
315.0,E21,Link error
316.0,E22,C in r
317.0,E23,Link <*>
318.0,E24,Link error on broadcast tree Interconnect-0T00:00:<*>:<*>
319.0,E24,Link error on broadcast tree Interconnect-0T00:00:<*>:<*>
320.0,E24,Link error on broadcast tree Interconnect-0T00:00:<*>:<*>
321.0,E24,Link error on broadcast tree Interconnect-0T00:00:<*>:<*>
322.0,E25,ServerFileSystem: ServerFileSystem domain root<*>_local is full
323.0,E25,ServerFileSystem: ServerFileSystem domain root<*>_local is full
324.0,E25,ServerFileSystem: ServerFileSystem domain root<*>_local is full
325.0,E25,ServerFileSystem: ServerFileSystem domain root<*>_local is full
326.0,E26,ServerFileSystem: ServerFileSystem domain root<*>_tmp is full
327.0,E25,ServerFileSystem: ServerFileSystem domain root<*>_local is full
328.0,E25,ServerFileSystem: ServerFileSystem domain root<*>_local is full
329.0,E25,ServerFileSystem: ServerFileSystem domain root<*>_local is full
330.0,E25,ServerFileSystem: ServerFileSystem domain root<*>_local is full
331.0,E25,ServerFileSystem: ServerFileSystem domain root<*>_local is full
332.0,E25,ServerFileSystem: ServerFileSystem domain root<*>_local is full
333.0,E25,ServerFileSystem: ServerFileSystem domain root<*>_local is full
334.0,E31,ClusterFileSystem: ServerFileSystem domain cluster_<*>_backup is no longer served by node node-<*>
335.0,E27,ClusterFileSystem: ServerFileSystem domain root_domain is no longer served by node node-<*>
336.0,E28,ClusterFileSystem: ServerFileSystem domain root<*>_domain is no longer served by node node-<*>
337.0,E28,ClusterFileSystem: ServerFileSystem domain root<*>_domain is no longer served by node node-<*>
338.0,E28,ClusterFileSystem: ServerFileSystem domain root<*>_domain is no longer served by node node-<*>
339.0,E28,ClusterFileSystem: ServerFileSystem domain root<*>_domain is no longer served by node node-<*>
340.0,E28,ClusterFileSystem: ServerFileSystem domain root<*>_domain is no longer served by node node-<*>
341.0,E28,ClusterFileSystem: ServerFileSystem domain root<*>_domain is no longer served by node node-<*>
342.0,E29,ClusterFileSystem: ServerFileSystem domain root<*>_local is no longer served by node node-<*>
343.0,E28,ClusterFileSystem: ServerFileSystem domain root<*>_domain is no longer served by node node-<*>
344.0,E28,ClusterFileSystem: ServerFileSystem domain root<*>_domain is no longer served by node node-<*>
345.0,E28,ClusterFileSystem: ServerFileSystem domain root<*>_domain is no longer served by node node-<*>
346.0,E30,ClusterFileSystem: ServerFileSystem domain storage<*> is no longer served by node node-<*>
347.0,E30,ClusterFileSystem: ServerFileSystem domain storage<*> is no longer served by node node-<*>
348.0,E30,ClusterFileSystem: ServerFileSystem domain storage<*> is no longer served by node node-<*>
349.0,E28,ClusterFileSystem: ServerFileSystem domain root<*>_domain is no longer served by node node-<*>
350.0,E29,ClusterFileSystem: ServerFileSystem domain root<*>_local is no longer served by node node-<*>
351.0,E28,ClusterFileSystem: ServerFileSystem domain root<*>_domain is no longer served by node node-<*>
352.0,E30,ClusterFileSystem: ServerFileSystem domain storage<*> is no longer served by node node-<*>
353.0,E30,ClusterFileSystem: ServerFileSystem domain storage<*> is no longer served by node node-<*>
354.0,E29,ClusterFileSystem: ServerFileSystem domain root<*>_local is no longer served by node node-<*>
355.0,E30,ClusterFileSystem: ServerFileSystem domain storage<*> is no longer served by node node-<*>
356.0,E30,ClusterFileSystem: ServerFileSystem domain storage<*> is no longer served by node node-<*>
357.0,E28,ClusterFileSystem: ServerFileSystem domain root<*>_domain is no longer served by node node-<*>
358.0,E29,ClusterFileSystem: ServerFileSystem domain root<*>_local is no longer served by node node-<*>
359.0,E31,ClusterFileSystem: ServerFileSystem domain cluster_<*>_backup is no longer served by node node-<*>
360.0,E27,ClusterFileSystem: ServerFileSystem domain root_domain is no longer served by node node-<*>
361.0,E29,ClusterFileSystem: ServerFileSystem domain root<*>_local is no longer served by node node-<*>
362.0,E30,ClusterFileSystem: ServerFileSystem domain storage<*> is no longer served by node node-<*>
363.0,E28,ClusterFileSystem: ServerFileSystem domain root<*>_domain is no longer served by node node-<*>
364.0,E31,ClusterFileSystem: ServerFileSystem domain cluster_<*>_backup is no longer served by node node-<*>
365.0,E31,ClusterFileSystem: ServerFileSystem domain cluster_<*>_backup is no longer served by node node-<*>
366.0,E31,ClusterFileSystem: ServerFileSystem domain cluster_<*>_backup is no longer served by node node-<*>
367.0,E32,ClusterFileSystem: ServerFileSystem domain root1_tmp_backup is no longer served by node <*>
368.0,E33,ClusterFileSystem: ServerFileSystem domain root1_domain_backup is no longer served by node <*>
369.0,E28,ClusterFileSystem: ServerFileSystem domain root<*>_domain is no longer served by node node-<*>
370.0,E34,d<*>ning
371.0,E34,d<*>ning
372.0,E34,d<*>ning
373.0,E34,d<*>ning
374.0,E34,d<*>ning
375.0,E34,d<*>ning
376.0,E34,d<*>ning
377.0,E35,d<*>cked
378.0,E35,d<*>cked
379.0,E34,d<*>ning
380.0,E34,d<*>ning
381.0,E36,not <*>
382.0,E36,not <*>
383.0,E37,c <*> <*>
384.0,E34,d<*>ning
385.0,E34,d<*>ning
386.0,E34,d<*>ning
387.0,E36,not <*>
388.0,E36,not <*>
389.0,E34,d<*>ning
390.0,E36,not <*>
391.0,E36,not <*>
392.0,E37,c <*> <*>
393.0,E36,not <*>
394.0,E34,d<*>ning
395.0,E34,d<*>ning
396.0,E34,d<*>ning
397.0,E34,d<*>ning
398.0,E36,not <*>
399.0,E36,not <*>
400.0,E36,not <*>
401.0,E38,inconsistent nodesets node-<*> 0x<*> <ok>
402.0,E34,d<*>ning
403.0,E34,d<*>ning
404.0,E34,d<*>ning
405.0,E34,d<*>ning
406.0,E34,d<*>ning
407.0,E34,d<*>ning
408.0,E34,d<*>ning
409.0,E37,c <*> <*>
410.0,E34,d<*>ning
411.0,E39,dctive
412.0,E37,c <*> <*>
413.0,E34,d<*>ning
414.0,E34,d<*>ning
415.0,E37,c <*> <*>
416.0,E37,c <*> <*>
417.0,E37,c <*> <*>
418.0,E34,d<*>ning
419.0,E37,c <*> <*>
420.0,E36,not <*>
421.0,E34,d<*>ning
422.0,E34,d<*>ning
423.0,E37,c <*> <*>
424.0,E36,not <*>
425.0,E34,d<*>ning
426.0,E37,c <*> <*>
427.0,E36,not <*>
428.0,E38,inconsistent nodesets node-<*> 0x<*> <ok>
429.0,E37,c <*> <*>
430.0,E36,not <*>
431.0,E34,d<*>ning
432.0,E37,c <*> <*>
433.0,E37,c <*> <*>
434.0,E37,c <*> <*>
435.0,E36,not <*>
436.0,E37,c <*> <*>
437.0,E37,c <*> <*>
438.0,E34,d<*>ning
439.0,E34,d<*>ning
440.0,E34,d<*>ning
441.0,E37,c <*> <*>
442.0,E37,c <*> <*>
443.0,E36,not <*>
444.0,E36,not <*>
445.0,E37,c <*> <*>
446.0,E34,d<*>ning
447.0,E37,c <*> <*>
448.0,E37,c <*> <*>
449.0,E34,d<*>ning
450.0,E36,not <*>
451.0,E39,dctive
452.0,E34,d<*>ning
453.0,E34,d<*>ning
454.0,E37,c <*> <*>
455.0,E34,d<*>ning
456.0,E37,c <*> <*>
457.0,E34,d<*>ning
458.0,E34,d<*>ning
459.0,E35,d<*>cked
460.0,E36,not <*>
461.0,E36,not <*>
462.0,E34,d<*>ning
463.0,E36,not <*>
464.0,E36,not <*>
465.0,E36,not <*>
466.0,E34,d<*>ning
467.0,E34,d<*>ning
468.0,E34,d<*>ning
469.0,E36,not <*>
470.0,E34,d<*>ning
471.0,E34,d<*>ning
472.0,E37,c <*> <*>
473.0,E37,c <*> <*>
474.0,E34,d<*>ning
475.0,E34,d<*>ning
476.0,E36,not <*>
477.0,E34,d<*>ning
478.0,E34,d<*>ning
479.0,E36,not <*>
480.0,E37,c <*> <*>
481.0,E37,c <*> <*>
482.0,E37,c <*> <*>
483.0,E37,c <*> <*>
484.0,E37,c <*> <*>
485.0,E36,not <*>
486.0,E36,not <*>
487.0,E36,not <*>
488.0,E34,d<*>ning
489.0,E34,d<*>ning
490.0,E37,c <*> <*>
491.0,E37,c <*> <*>
492.0,E37,c <*> <*>
493.0,E37,c <*> <*>
494.0,E34,d<*>ning
495.0,E34,d<*>ning
496.0,E37,c <*> <*>
497.0,E34,d<*>ning
498.0,E36,not <*>
499.0,E36,not <*>
500.0,E36,not <*>
501.0,E34,d<*>ning
502.0,E34,d<*>ning
503.0,E37,c <*> <*>
504.0,E36,not <*>
505.0,E34,d<*>ning
506.0,E36,not <*>
507.0,E34,d<*>ning
508.0,E37,c <*> <*>
509.0,E34,d<*>ning
510.0,E34,d<*>ning
511.0,E36,not <*>
512.0,E36,not <*>
513.0,E37,c <*> <*>
514.0,E37,c <*> <*>
515.0,E34,d<*>ning
516.0,E34,d<*>ning
517.0,E34,d<*>ning
518.0,E37,c <*> <*>
519.0,E34,d<*>ning
520.0,E34,d<*>ning
521.0,E37,c <*> <*>
522.0,E37,c <*> <*>
523.0,E37,c <*> <*>
524.0,E34,d<*>ning
525.0,E34,d<*>ning
526.0,E34,d<*>ning
527.0,E35,d<*>cked
528.0,E35,d<*>cked
529.0,E36,not <*>
530.0,E34,d<*>ning
531.0,E34,d<*>ning
532.0,E37,c <*> <*>
533.0,E34,d<*>ning
534.0,E34,d<*>ning
535.0,E34,d<*>ning
536.0,E34,d<*>ning
537.0,E34,d<*>ning
538.0,E37,c <*> <*>
539.0,E37,c <*> <*>
540.0,E36,not <*>
541.0,E34,d<*>ning
542.0,E34,d<*>ning
543.0,E39,dctive
544.0,E34,d<*>ning
545.0,E34,d<*>ning
546.0,E34,d<*>ning
547.0,E34,d<*>ning
548.0,E34,d<*>ning
549.0,E34,d<*>ning
550.0,E36,not <*>
551.0,E37,c <*> <*>
552.0,E37,c <*> <*>
553.0,E36,not <*>
554.0,E34,d<*>ning
555.0,E34,d<*>ning
556.0,E37,c <*> <*>
557.0,E37,c <*> <*>
558.0,E34,d<*>ning
559.0,E34,d<*>ning
560.0,E34,d<*>ning
561.0,E37,c <*> <*>
562.0,E38,inconsistent nodesets node-<*> 0x<*> <ok>
563.0,E37,c <*> <*>
564.0,E35,d<*>cked
565.0,E37,c <*> <*>
566.0,E34,d<*>ning
567.0,E34,d<*>ning
568.0,E34,d<*>ning
569.0,E37,c <*> <*>
570.0,E36,not <*>
571.0,E37,c <*> <*>
572.0,E36,not <*>
573.0,E34,d<*>ning
574.0,E39,dctive
575.0,E36,not <*>
576.0,E37,c <*> <*>
577.0,E37,c <*> <*>
578.0,E34,d<*>ning
579.0,E34,d<*>ning
580.0,E37,c <*> <*>
581.0,E36,not <*>
582.0,E34,d<*>ning
583.0,E37,c <*> <*>
584.0,E35,d<*>cked
585.0,E34,d<*>ning
586.0,E37,c <*> <*>
587.0,E36,not <*>
588.0,E37,c <*> <*>
589.0,E37,c <*> <*>
590.0,E37,c <*> <*>
591.0,E37,c <*> <*>
592.0,E34,d<*>ning
593.0,E37,c <*> <*>
594.0,E37,c <*> <*>
595.0,E34,d<*>ning
596.0,E34,d<*>ning
597.0,E34,d<*>ning
598.0,E34,d<*>ning
599.0,E34,d<*>ning
600.0,E37,c <*> <*>
601.0,E37,c <*> <*>
602.0,E34,d<*>ning
603.0,E35,d<*>cked
604.0,E37,c <*> <*>
605.0,E34,d<*>ning
606.0,E34,d<*>ning
607.0,E34,d<*>ning
608.0,E34,d<*>ning
609.0,E35,d<*>cked
610.0,E37,c <*> <*>
611.0,E34,d<*>ning
612.0,E36,not <*>
613.0,E34,d<*>ning
614.0,E34,d<*>ning
615.0,E34,d<*>ning
616.0,E34,d<*>ning
617.0,E37,c <*> <*>
618.0,E37,c <*> <*>
619.0,E36,not <*>
620.0,E34,d<*>ning
621.0,E34,d<*>ning
622.0,E34,d<*>ning
623.0,E36,not <*>
624.0,E34,d<*>ning
625.0,E34,d<*>ning
626.0,E36,not <*>
627.0,E40,d
628.0,E37,c <*> <*>
629.0,E37,c <*> <*>
630.0,E37,c <*> <*>
631.0,E37,c <*> <*>
632.0,E34,d<*>ning
633.0,E37,c <*> <*>
634.0,E36,not <*>
635.0,E36,not <*>
636.0,E37,c <*> <*>
637.0,E34,d<*>ning
638.0,E34,d<*>ning
639.0,E37,c <*> <*>
640.0,E36,not <*>
641.0,E34,d<*>ning
642.0,E37,c <*> <*>
643.0,E34,d<*>ning
644.0,E37,c <*> <*>
645.0,E35,d<*>cked
646.0,E34,d<*>ning
647.0,E34,d<*>ning
648.0,E34,d<*>ning
649.0,E34,d<*>ning
650.0,E35,d<*>cked
651.0,E34,d<*>ning
652.0,E34,d<*>ning
653.0,E34,d<*>ning
654.0,E37,c <*> <*>
655.0,E41,d<*>ing
656.0,E34,d<*>ning
657.0,E34,d<*>ning
658.0,E34,d<*>ning
659.0,E34,d<*>ning
660.0,E34,d<*>ning
661.0,E34,d<*>ning
662.0,E34,d<*>ning
663.0,E34,d<*>ning
664.0,E34,d<*>ning
665.0,E34,d<*>ning
666.0,E34,d<*>ning
667.0,E37,c <*> <*>
668.0,E36,not <*>
669.0,E36,not <*>
670.0,E35,d<*>cked
671.0,E34,d<*>ning
672.0,E36,not <*>
673.0,E34,d<*>ning
674.0,E39,dctive
675.0,E36,not <*>
676.0,E37,c <*> <*>
677.0,E36,not <*>
678.0,E34,d<*>ning
679.0,E34,d<*>ning
680.0,E35,d<*>cked
681.0,E34,d<*>ning
682.0,E36,not <*>
683.0,E36,not <*>
684.0,E34,d<*>ning
685.0,E34,d<*>ning
686.0,E35,d<*>cked
687.0,E36,not <*>
688.0,E37,c <*> <*>
689.0,E37,c <*> <*>
690.0,E34,d<*>ning
691.0,E34,d<*>ning
692.0,E34,d<*>ning
693.0,E37,c <*> <*>
694.0,E37,c <*> <*>
695.0,E37,c <*> <*>
696.0,E34,d<*>ning
697.0,E34,d<*>ning
698.0,E34,d<*>ning
699.0,E38,inconsistent nodesets node-<*> 0x<*> <ok>
700.0,E37,c <*> <*>
701.0,E34,d<*>ning
702.0,E35,d<*>cked
703.0,E34,d<*>ning
704.0,E36,not <*>
705.0,E37,c <*> <*>
706.0,E34,d<*>ning
707.0,E34,d<*>ning
708.0,E34,d<*>ning
709.0,E34,d<*>ning
710.0,E42,nrm
711.0,E42,nrm
712.0,E40,d
713.0,E42,nrm
714.0,E42,nrm
715.0,E40,d
716.0,E43,ambient=<*>
717.0,E42,nrm
718.0,E43,ambient=<*>
719.0,E42,nrm
720.0,E42,nrm
721.0,E40,d
722.0,E42,nrm
723.0,E42,nrm
724.0,E40,d
725.0,E42,nrm
726.0,E43,ambient=<*>
727.0,E42,nrm
728.0,E42,nrm
729.0,E43,ambient=<*>
730.0,E43,ambient=<*>
731.0,E42,nrm
732.0,E43,ambient=<*>
733.0,E43,ambient=<*>
734.0,E40,d
735.0,E40,d
736.0,E42,nrm
737.0,E43,ambient=<*>
738.0,E43,ambient=<*>
739.0,E42,nrm
740.0,E43,ambient=<*>
741.0,E43,ambient=<*>
742.0,E43,ambient=<*>
743.0,E43,ambient=<*>
744.0,E42,nrm
745.0,E40,d
746.0,E40,d
747.0,E40,d
748.0,E43,ambient=<*>
749.0,E40,d
750.0,E42,nrm
751.0,E43,ambient=<*>
752.0,E43,ambient=<*>
753.0,E42,nrm
754.0,E43,ambient=<*>
755.0,E40,d
756.0,E40,d
757.0,E42,nrm
758.0,E40,d
759.0,E42,nrm
760.0,E43,ambient=<*>
761.0,E40,d
762.0,E43,ambient=<*>
763.0,E43,ambient=<*>
764.0,E42,nrm
765.0,E40,d
766.0,E42,nrm
767.0,E43,ambient=<*>
768.0,E40,d
769.0,E40,d
770.0,E40,d
771.0,E43,ambient=<*>
772.0,E43,ambient=<*>
773.0,E43,ambient=<*>
774.0,E40,d
775.0,E40,d
776.0,E42,nrm
777.0,E40,d
778.0,E42,nrm
779.0,E42,nrm
780.0,E42,nrm
781.0,E42,nrm
782.0,E40,d
783.0,E40,d
784.0,E42,nrm
785.0,E40,d
786.0,E42,nrm
787.0,E42,nrm
788.0,E42,nrm
789.0,E43,ambient=<*>
790.0,E40,d
791.0,E40,d
792.0,E42,nrm
793.0,E40,d
794.0,E42,nrm
795.0,E40,d
796.0,E43,ambient=<*>
797.0,E42,nrm
798.0,E40,d
799.0,E40,d
800.0,E40,d
801.0,E43,ambient=<*>
802.0,E42,nrm
803.0,E43,ambient=<*>
804.0,E40,d
805.0,E40,d
806.0,E40,d
807.0,E40,d
808.0,E43,ambient=<*>
809.0,E43,ambient=<*>
810.0,E43,ambient=<*>
811.0,E43,ambient=<*>
812.0,E43,ambient=<*>
813.0,E43,ambient=<*>
814.0,E43,ambient=<*>
815.0,E40,d
816.0,E42,nrm
817.0,E43,ambient=<*>
818.0,E42,nrm
819.0,E40,d
820.0,E42,nrm
821.0,E43,ambient=<*>
822.0,E42,nrm
823.0,E43,ambient=<*>
824.0,E40,d
825.0,E40,d
826.0,E43,ambient=<*>
827.0,E43,ambient=<*>
828.0,E43,ambient=<*>
829.0,E40,d
830.0,E43,ambient=<*>
831.0,E43,ambient=<*>
832.0,E43,ambient=<*>
833.0,E42,nrm
834.0,E43,ambient=<*>
835.0,E43,ambient=<*>
836.0,E43,ambient=<*>
837.0,E40,d
838.0,E40,d
839.0,E42,nrm
840.0,E42,nrm
841.0,E40,d
842.0,E43,ambient=<*>
843.0,E43,ambient=<*>
844.0,E43,ambient=<*>
845.0,E43,ambient=<*>
846.0,E43,ambient=<*>
847.0,E40,d
848.0,E43,ambient=<*>
849.0,E42,nrm
850.0,E40,d
851.0,E42,nrm
852.0,E42,nrm
853.0,E42,nrm
854.0,E42,nrm
855.0,E43,ambient=<*>
856.0,E42,nrm
857.0,E43,ambient=<*>
858.0,E40,d
859.0,E42,nrm
860.0,E40,d
861.0,E40,d
862.0,E40,d
863.0,E40,d
864.0,E43,ambient=<*>
865.0,E40,d
866.0,E42,nrm
867.0,E40,d
868.0,E40,d
869.0,E42,nrm
870.0,E42,nrm
871.0,E40,d
872.0,E42,nrm
873.0,E40,d
874.0,E42,nrm
875.0,E42,nrm
876.0,E42,nrm
877.0,E40,d
878.0,E40,d
879.0,E42,nrm
880.0,E42,nrm
881.0,E40,d
882.0,E40,d
883.0,E40,d
884.0,E40,d
885.0,E43,ambient=<*>
886.0,E42,nrm
887.0,E42,nrm
888.0,E43,ambient=<*>
889.0,E43,ambient=<*>
890.0,E43,ambient=<*>
891.0,E43,ambient=<*>
892.0,E42,nrm
893.0,E43,ambient=<*>
894.0,E40,d
895.0,E42,nrm
896.0,E42,nrm
897.0,E43,ambient=<*>
898.0,E42,nrm
899.0,E40,d
900.0,E43,ambient=<*>
901.0,E40,d
902.0,E42,nrm
903.0,E42,nrm
904.0,E42,nrm
905.0,E40,d
906.0,E43,ambient=<*>
907.0,E40,d
908.0,E40,d
909.0,E42,nrm
910.0,E40,d
911.0,E43,ambient=<*>
912.0,E43,ambient=<*>
913.0,E42,nrm
914.0,E43,ambient=<*>
915.0,E43,ambient=<*>
916.0,E43,ambient=<*>
917.0,E40,d
918.0,E43,ambient=<*>
919.0,E42,nrm
920.0,E43,ambient=<*>
921.0,E43,ambient=<*>
922.0,E43,ambient=<*>
923.0,E43,ambient=<*>
924.0,E43,ambient=<*>
925.0,E43,ambient=<*>
926.0,E42,nrm
927.0,E43,ambient=<*>
928.0,E42,nrm
929.0,E43,ambient=<*>
930.0,E43,ambient=<*>
931.0,E43,ambient=<*>
932.0,E40,d
933.0,E42,nrm
934.0,E43,ambient=<*>
935.0,E42,nrm
936.0,E43,ambient=<*>
937.0,E42,nrm
938.0,E43,ambient=<*>
939.0,E42,nrm
940.0,E40,d
941.0,E42,nrm
942.0,E40,d
943.0,E42,nrm
944.0,E43,ambient=<*>
945.0,E43,ambient=<*>
946.0,E43,ambient=<*>
947.0,E43,ambient=<*>
948.0,E42,nrm
949.0,E40,d
950.0,E40,d
951.0,E43,ambient=<*>
952.0,E43,ambient=<*>
953.0,E40,d
954.0,E42,nrm
955.0,E43,ambient=<*>
956.0,E42,nrm
957.0,E43,ambient=<*>
958.0,E43,ambient=<*>
959.0,E40,d
960.0,E40,d
961.0,E40,d
962.0,E40,d
963.0,E40,d
964.0,E42,nrm
965.0,E40,d
966.0,E43,ambient=<*>
967.0,E43,ambient=<*>
968.0,E43,ambient=<*>
969.0,E42,nrm
970.0,E40,d
971.0,E42,nrm
972.0,E40,d
973.0,E40,d
974.0,E42,nrm
975.0,E40,d
976.0,E42,nrm
977.0,E40,d
978.0,E40,d
979.0,E42,nrm
980.0,E40,d
981.0,E42,nrm
982.0,E43,ambient=<*>
983.0,E42,nrm
984.0,E43,ambient=<*>
985.0,E43,ambient=<*>
986.0,E40,d
987.0,E43,ambient=<*>
988.0,E43,ambient=<*>
989.0,E43,ambient=<*>
990.0,E42,nrm
991.0,E43,ambient=<*>
992.0,E42,nrm
993.0,E42,nrm
994.0,E40,d
995.0,E40,d
996.0,E42,nrm
997.0,E42,nrm
998.0,E42,nrm
999.0,E40,d
1000.0,E40,d
1001.0,E40,d
1002.0,E40,d
1003.0,E42,nrm
1004.0,E40,d
1005.0,E42,nrm
1006.0,E40,d
1007.0,E43,ambient=<*>
1008.0,E42,nrm
1009.0,E42,nrm
1010.0,E40,d
1011.0,E42,nrm
1012.0,E42,nrm
1013.0,E40,d
1014.0,E40,d
1015.0,E40,d
1016.0,E40,d
1017.0,E42,nrm
1018.0,E42,nrm
1019.0,E42,nrm
1020.0,E42,nrm
1021.0,E43,ambient=<*>
1022.0,E42,nrm
1023.0,E42,nrm
1024.0,E42,nrm
1025.0,E42,nrm
1026.0,E42,nrm
1027.0,E40,d
1028.0,E40,d
1029.0,E40,d
1030.0,E40,d
1031.0,E40,d
1032.0,E40,d
1033.0,E43,ambient=<*>
1034.0,E40,d
1035.0,E42,nrm
1036.0,E43,ambient=<*>
1037.0,E42,nrm
1038.0,E42,nrm
1039.0,E42,nrm
1040.0,E40,d
1041.0,E42,nrm
1042.0,E43,ambient=<*>
1043.0,E40,d
1044.0,E42,nrm
1045.0,E40,d
1046.0,E42,nrm
1047.0,E42,nrm
1048.0,E43,ambient=<*>
1049.0,E42,nrm
1050.0,E42,nrm
1051.0,E40,d
1052.0,E40,d
1053.0,E40,d
1054.0,E40,d
1055.0,E42,nrm
1056.0,E40,d
1057.0,E43,ambient=<*>
1058.0,E43,ambient=<*>
1059.0,E43,ambient=<*>
1060.0,E43,ambient=<*>
1061.0,E43,ambient=<*>
1062.0,E40,d
1063.0,E40,d
1064.0,E40,d
1065.0,E42,nrm
1066.0,E40,d
1067.0,E40,d
1068.0,E40,d
1069.0,E43,ambient=<*>
1070.0,E42,nrm
1071.0,E43,ambient=<*>
1072.0,E42,nrm
1073.0,E42,nrm
1074.0,E42,nrm
1075.0,E40,d
1076.0,E43,ambient=<*>
1077.0,E40,d
1078.0,E43,ambient=<*>
1079.0,E42,nrm
1080.0,E40,d
1081.0,E40,d
1082.0,E40,d
1083.0,E42,nrm
1084.0,E40,d
1085.0,E40,d
1086.0,E40,d
1087.0,E40,d
1088.0,E40,d
1089.0,E43,ambient=<*>
1090.0,E40,d
1091.0,E43,ambient=<*>
1092.0,E42,nrm
1093.0,E40,d
1094.0,E43,ambient=<*>
1095.0,E42,nrm
1096.0,E40,d
1097.0,E42,nrm
1098.0,E43,ambient=<*>
1099.0,E42,nrm
1100.0,E43,ambient=<*>
1101.0,E43,ambient=<*>
1102.0,E42,nrm
1103.0,E43,ambient=<*>
1104.0,E43,ambient=<*>
1105.0,E43,ambient=<*>
1106.0,E40,d
1107.0,E43,ambient=<*>
1108.0,E43,ambient=<*>
1109.0,E40,d
1110.0,E42,nrm
1111.0,E43,ambient=<*>
1112.0,E43,ambient=<*>
1113.0,E43,ambient=<*>
1114.0,E43,ambient=<*>
1115.0,E43,ambient=<*>
1116.0,E43,ambient=<*>
1117.0,E43,ambient=<*>
1118.0,E43,ambient=<*>
1119.0,E43,ambient=<*>
1120.0,E40,d
1121.0,E40,d
1122.0,E42,nrm
1123.0,E40,d
1124.0,E42,nrm
1125.0,E40,d
1126.0,E42,nrm
1127.0,E42,nrm
1128.0,E42,nrm
1129.0,E42,nrm
1130.0,E40,d
1131.0,E42,nrm
1132.0,E42,nrm
1133.0,E42,nrm
1134.0,E42,nrm
1135.0,E40,d
1136.0,E42,nrm
1137.0,E42,nrm
1138.0,E42,nrm
1139.0,E40,d
1140.0,E42,nrm
1141.0,E40,d
1142.0,E40,d
1143.0,E42,nrm
1144.0,E40,d
1145.0,E40,d
1146.0,E40,d
1147.0,E40,d
1148.0,E40,d
1149.0,E42,nrm
1150.0,E40,d
1151.0,E43,ambient=<*>
1152.0,E40,d
1153.0,E40,d
1154.0,E40,d
1155.0,E43,ambient=<*>
1156.0,E43,ambient=<*>
1157.0,E43,ambient=<*>
1158.0,E43,ambient=<*>
1159.0,E43,ambient=<*>
1160.0,E43,ambient=<*>
1161.0,E40,d
1162.0,E40,d
1163.0,E43,ambient=<*>
1164.0,E42,nrm
1165.0,E40,d
1166.0,E43,ambient=<*>
1167.0,E40,d
1168.0,E40,d
1169.0,E40,d
1170.0,E40,d
1171.0,E42,nrm
1172.0,E43,ambient=<*>
1173.0,E42,nrm
1174.0,E42,nrm
1175.0,E43,ambient=<*>
1176.0,E43,ambient=<*>
1177.0,E43,ambient=<*>
1178.0,E43,ambient=<*>
1179.0,E40,d
1180.0,E40,d
1181.0,E40,d
1182.0,E40,d
1183.0,E42,nrm
1184.0,E40,d
1185.0,E43,ambient=<*>
1186.0,E40,d
1187.0,E43,ambient=<*>
1188.0,E43,ambient=<*>
1189.0,E43,ambient=<*>
1190.0,E43,ambient=<*>
1191.0,E40,d
1192.0,E42,nrm
1193.0,E40,d
1194.0,E42,nrm
1195.0,E42,nrm
1196.0,E40,d
1197.0,E40,d
1198.0,E40,d
1199.0,E40,d
1200.0,E42,nrm
1201.0,E40,d
1202.0,E40,d
1203.0,E42,nrm
1204.0,E42,nrm
1205.0,E43,ambient=<*>
1206.0,E42,nrm
1207.0,E43,ambient=<*>
1208.0,E43,ambient=<*>
1209.0,E43,ambient=<*>
1210.0,E43,ambient=<*>
1211.0,E42,nrm
1212.0,E40,d
1213.0,E42,nrm
1214.0,E40,d
1215.0,E40,d
1216.0,E40,d
1217.0,E43,ambient=<*>
1218.0,E42,nrm
1219.0,E43,ambient=<*>
1220.0,E43,ambient=<*>
1221.0,E42,nrm
1222.0,E40,d
1223.0,E40,d
1224.0,E40,d
1225.0,E43,ambient=<*>
1226.0,E43,ambient=<*>
1227.0,E40,d
1228.0,E43,ambient=<*>
1229.0,E42,nrm
1230.0,E43,ambient=<*>
1231.0,E43,ambient=<*>
1232.0,E40,d
1233.0,E43,ambient=<*>
1234.0,E43,ambient=<*>
1235.0,E43,ambient=<*>
1236.0,E43,ambient=<*>
1237.0,E43,ambient=<*>
1238.0,E43,ambient=<*>
1239.0,E43,ambient=<*>
1240.0,E43,ambient=<*>
1241.0,E43,ambient=<*>
1242.0,E40,d
1243.0,E43,ambient=<*>
1244.0,E43,ambient=<*>
1245.0,E40,d
1246.0,E40,d
1247.0,E43,ambient=<*>
1248.0,E43,ambient=<*>
1249.0,E42,nrm
1250.0,E42,nrm
1251.0,E43,ambient=<*>
1252.0,E43,ambient=<*>
1253.0,E43,ambient=<*>
1254.0,E43,ambient=<*>
1255.0,E40,d
1256.0,E43,ambient=<*>
1257.0,E40,d
1258.0,E43,ambient=<*>
1259.0,E42,nrm
1260.0,E43,ambient=<*>
1261.0,E43,ambient=<*>
1262.0,E40,d
1263.0,E43,ambient=<*>
1264.0,E42,nrm
1265.0,E42,nrm
1266.0,E40,d
1267.0,E43,ambient=<*>
1268.0,E40,d
1269.0,E42,nrm
1270.0,E43,ambient=<*>
1271.0,E43,ambient=<*>
1272.0,E43,ambient=<*>
1273.0,E42,nrm
1274.0,E43,ambient=<*>
1275.0,E43,ambient=<*>
1276.0,E43,ambient=<*>
1277.0,E42,nrm
1278.0,E43,ambient=<*>
1279.0,E40,d
1280.0,E42,nrm
1281.0,E43,ambient=<*>
1282.0,E42,nrm
1283.0,E42,nrm
1284.0,E43,ambient=<*>
1285.0,E43,ambient=<*>
1286.0,E40,d
1287.0,E43,ambient=<*>
1288.0,E43,ambient=<*>
1289.0,E43,ambient=<*>
1290.0,E42,nrm
1291.0,E43,ambient=<*>
1292.0,E43,ambient=<*>
1293.0,E40,d
1294.0,E40,d
1295.0,E43,ambient=<*>
1296.0,E43,ambient=<*>
1297.0,E40,d
1298.0,E43,ambient=<*>
1299.0,E42,nrm
1300.0,E43,ambient=<*>
1301.0,E43,ambient=<*>
1302.0,E43,ambient=<*>
1303.0,E43,ambient=<*>
1304.0,E42,nrm
1305.0,E43,ambient=<*>
1306.0,E40,d
1307.0,E43,ambient=<*>
1308.0,E43,ambient=<*>
1309.0,E43,ambient=<*>
1310.0,E43,ambient=<*>
1311.0,E40,d
1312.0,E43,ambient=<*>
1313.0,E43,ambient=<*>
1314.0,E40,d
1315.0,E42,nrm
1316.0,E42,nrm
1317.0,E40,d
1318.0,E43,ambient=<*>
1319.0,E43,ambient=<*>
1320.0,E43,ambient=<*>
1321.0,E43,ambient=<*>
1322.0,E43,ambient=<*>
1323.0,E40,d
1324.0,E43,ambient=<*>
1325.0,E43,ambient=<*>
1326.0,E43,ambient=<*>
1327.0,E43,ambient=<*>
1328.0,E43,ambient=<*>
1329.0,E43,ambient=<*>
1330.0,E42,nrm
1331.0,E42,nrm
1332.0,E42,nrm
1333.0,E40,d
1334.0,E43,ambient=<*>
1335.0,E42,nrm
1336.0,E42,nrm
1337.0,E43,ambient=<*>
1338.0,E43,ambient=<*>
1339.0,E40,d
1340.0,E43,ambient=<*>
1341.0,E43,ambient=<*>
1342.0,E43,ambient=<*>
1343.0,E43,ambient=<*>
1344.0,E43,ambient=<*>
1345.0,E40,d
1346.0,E42,nrm
1347.0,E43,ambient=<*>
1348.0,E42,nrm
1349.0,E43,ambient=<*>
1350.0,E43,ambient=<*>
1351.0,E43,ambient=<*>
1352.0,E43,ambient=<*>
1353.0,E43,ambient=<*>
1354.0,E43,ambient=<*>
1355.0,E43,ambient=<*>
1356.0,E43,ambient=<*>
1357.0,E43,ambient=<*>
1358.0,E40,d
1359.0,E43,ambient=<*>
1360.0,E43,ambient=<*>
1361.0,E43,ambient=<*>
1362.0,E43,ambient=<*>
1363.0,E43,ambient=<*>
1364.0,E43,ambient=<*>
1365.0,E43,ambient=<*>
1366.0,E43,ambient=<*>
1367.0,E43,ambient=<*>
1368.0,E40,d
1369.0,E43,ambient=<*>
1370.0,E42,nrm
1371.0,E43,ambient=<*>
1372.0,E42,nrm
1373.0,E43,ambient=<*>
1374.0,E43,ambient=<*>
1375.0,E43,ambient=<*>
1376.0,E43,ambient=<*>
1377.0,E43,ambient=<*>
1378.0,E43,ambient=<*>
1379.0,E43,ambient=<*>
1380.0,E42,nrm
1381.0,E43,ambient=<*>
1382.0,E42,nrm
1383.0,E43,ambient=<*>
1384.0,E43,ambient=<*>
1385.0,E40,d
1386.0,E40,d
1387.0,E42,nrm
1388.0,E42,nrm
1389.0,E43,ambient=<*>
1390.0,E40,d
1391.0,E42,nrm
1392.0,E43,ambient=<*>
1393.0,E43,ambient=<*>
1394.0,E42,nrm
1395.0,E43,ambient=<*>
1396.0,E43,ambient=<*>
1397.0,E43,ambient=<*>
1398.0,E43,ambient=<*>
1399.0,E43,ambient=<*>
1400.0,E43,ambient=<*>
1401.0,E40,d
1402.0,E42,nrm
1403.0,E43,ambient=<*>
1404.0,E43,ambient=<*>
1405.0,E43,ambient=<*>
1406.0,E43,ambient=<*>
1407.0,E40,d
1408.0,E42,nrm
1409.0,E43,ambient=<*>
1410.0,E43,ambient=<*>
1411.0,E43,ambient=<*>
1412.0,E42,nrm
1413.0,E42,nrm
1414.0,E42,nrm
1415.0,E40,d
1416.0,E40,d
1417.0,E43,ambient=<*>
1418.0,E42,nrm
1419.0,E40,d
1420.0,E40,d
1421.0,E40,d
1422.0,E42,nrm
1423.0,E40,d
1424.0,E42,nrm
1425.0,E40,d
1426.0,E43,ambient=<*>
1427.0,E43,ambient=<*>
1428.0,E43,ambient=<*>
1429.0,E40,d
1430.0,E40,d
1431.0,E40,d
1432.0,E40,d
1433.0,E23,Link <*>
1434.0,E23,Link <*>
1435.0,E23,Link <*>
1436.0,E23,Link <*>
1437.0,E21,Link error
1438.0,E21,Link error
1439.0,E22,C in r
1440.0,E23,Link <*>
1441.0,E23,Link <*>
1442.0,E22,C in r
1443.0,E23,Link <*>
1444.0,E21,Link error
1445.0,E23,Link <*>
1446.0,E23,Link <*>
1447.0,E23,Link <*>
1448.0,E21,Link error
1449.0,E22,C in r
1450.0,E23,Link <*>
1451.0,E23,Link <*>
1452.0,E22,C in r
1453.0,E22,C in r
1454.0,E22,C in r
1455.0,E22,C in r
1456.0,E44,d <*> <*> <*> <*>
1457.0,E44,d <*> <*> <*> <*>
1458.0,E45,d: <*> (command <*>) Error: Timed out while waiting for SRM prompt: <ABORT code completed>
1459.0,E44,d <*> <*> <*> <*>
1460.0,E44,d <*> <*> <*> <*>
1461.0,E44,d <*> <*> <*> <*>
1462.0,E44,d <*> <*> <*> <*>
1463.0,E44,d <*> <*> <*> <*>
1464.0,E44,d <*> <*> <*> <*>
1465.0,E44,d <*> <*> <*> <*>
1466.0,E44,d <*> <*> <*> <*>
1467.0,E44,d <*> <*> <*> <*>
1468.0,E44,d <*> <*> <*> <*>
1469.0,E44,d <*> <*> <*> <*>
1470.0,E44,d <*> <*> <*> <*>
1471.0,E44,d <*> <*> <*> <*>
1472.0,E44,d <*> <*> <*> <*>
1473.0,E44,d <*> <*> <*> <*>
1474.0,E44,d <*> <*> <*> <*>
1475.0,E44,d <*> <*> <*> <*>
1476.0,E44,d <*> <*> <*> <*>
1477.0,E44,d <*> <*> <*> <*>
1478.0,E44,d <*> <*> <*> <*>
1479.0,E44,d <*> <*> <*> <*>
1480.0,E44,d <*> <*> <*> <*>
1481.0,E44,d <*> <*> <*> <*>
1482.0,E44,d <*> <*> <*> <*>
1483.0,E44,d <*> <*> <*> <*>
1484.0,E44,d <*> <*> <*> <*>
1485.0,E44,d <*> <*> <*> <*>
1486.0,E44,d <*> <*> <*> <*>
1487.0,E44,d <*> <*> <*> <*>
1488.0,E44,d <*> <*> <*> <*>
1489.0,E44,d <*> <*> <*> <*>
1490.0,E44,d <*> <*> <*> <*>
1491.0,E44,d <*> <*> <*> <*>
1492.0,E44,d <*> <*> <*> <*>
1493.0,E44,d <*> <*> <*> <*>
1494.0,E44,d <*> <*> <*> <*>
1495.0,E44,d <*> <*> <*> <*>
1496.0,E44,d <*> <*> <*> <*>
1497.0,E44,d <*> <*> <*> <*>
1498.0,E44,d <*> <*> <*> <*>
1499.0,E44,d <*> <*> <*> <*>
1500.0,E44,d <*> <*> <*> <*>
1501.0,E44,d <*> <*> <*> <*>
1502.0,E44,d <*> <*> <*> <*>
1503.0,E44,d <*> <*> <*> <*>
1504.0,E44,d <*> <*> <*> <*>
1505.0,E44,d <*> <*> <*> <*>
1506.0,E44,d <*> <*> <*> <*>
1507.0,E44,d <*> <*> <*> <*>
1508.0,E44,d <*> <*> <*> <*>
1509.0,E44,d <*> <*> <*> <*>
1510.0,E44,d <*> <*> <*> <*>
1511.0,E44,d <*> <*> <*> <*>
1512.0,E44,d <*> <*> <*> <*>
1513.0,E44,d <*> <*> <*> <*>
1514.0,E44,d <*> <*> <*> <*>
1515.0,E44,d <*> <*> <*> <*>
1516.0,E44,d <*> <*> <*> <*>
1517.0,E44,d <*> <*> <*> <*>
1518.0,E44,d <*> <*> <*> <*>
1519.0,E44,d <*> <*> <*> <*>
1520.0,E44,d <*> <*> <*> <*>
1521.0,E44,d <*> <*> <*> <*>
1522.0,E44,d <*> <*> <*> <*>
1523.0,E44,d <*> <*> <*> <*>
1524.0,E44,d <*> <*> <*> <*>
1525.0,E44,d <*> <*> <*> <*>
1526.0,E44,d <*> <*> <*> <*>
1527.0,E44,d <*> <*> <*> <*>
1528.0,E44,d <*> <*> <*> <*>
1529.0,E44,d <*> <*> <*> <*>
1530.0,E44,d <*> <*> <*> <*>
1531.0,E44,d <*> <*> <*> <*>
1532.0,E44,d <*> <*> <*> <*>
1533.0,E44,d <*> <*> <*> <*>
1534.0,E44,d <*> <*> <*> <*>
1535.0,E44,d <*> <*> <*> <*>
1536.0,E44,d <*> <*> <*> <*>
1537.0,E44,d <*> <*> <*> <*>
1538.0,E44,d <*> <*> <*> <*>
1539.0,E44,d <*> <*> <*> <*>
1540.0,E44,d <*> <*> <*> <*>
1541.0,E46,d (command <*> Error: HALT asserted\ cannot continue
1542.0,E44,d <*> <*> <*> <*>
1543.0,E44,d <*> <*> <*> <*>
1544.0,E44,d <*> <*> <*> <*>
1545.0,E44,d <*> <*> <*> <*>
1546.0,E44,d <*> <*> <*> <*>
1547.0,E44,d <*> <*> <*> <*>
1548.0,E44,d <*> <*> <*> <*>
1549.0,E44,d <*> <*> <*> <*>
1550.0,E44,d <*> <*> <*> <*>
1551.0,E44,d <*> <*> <*> <*>
1552.0,E44,d <*> <*> <*> <*>
1553.0,E44,d <*> <*> <*> <*>
1554.0,E44,d <*> <*> <*> <*>
1555.0,E44,d <*> <*> <*> <*>
1556.0,E44,d <*> <*> <*> <*>
1557.0,E44,d <*> <*> <*> <*>
1558.0,E44,d <*> <*> <*> <*>
1559.0,E44,d <*> <*> <*> <*>
1560.0,E44,d <*> <*> <*> <*>
1561.0,E44,d <*> <*> <*> <*>
1562.0,E44,d <*> <*> <*> <*>
1563.0,E44,d <*> <*> <*> <*>
1564.0,E44,d <*> <*> <*> <*>
1565.0,E44,d <*> <*> <*> <*>
1566.0,E44,d <*> <*> <*> <*>
1567.0,E44,d <*> <*> <*> <*>
1568.0,E44,d <*> <*> <*> <*>
1569.0,E44,d <*> <*> <*> <*>
1570.0,E44,d <*> <*> <*> <*>
1571.0,E44,d <*> <*> <*> <*>
1572.0,E44,d <*> <*> <*> <*>
1573.0,E44,d <*> <*> <*> <*>
1574.0,E44,d <*> <*> <*> <*>
1575.0,E44,d <*> <*> <*> <*>
1576.0,E44,d <*> <*> <*> <*>
1577.0,E44,d <*> <*> <*> <*>
1578.0,E44,d <*> <*> <*> <*>
1579.0,E44,d <*> <*> <*> <*>
1580.0,E44,d <*> <*> <*> <*>
1581.0,E44,d <*> <*> <*> <*>
1582.0,E44,d <*> <*> <*> <*>
1583.0,E44,d <*> <*> <*> <*>
1584.0,E44,d <*> <*> <*> <*>
1585.0,E44,d <*> <*> <*> <*>
1586.0,E44,d <*> <*> <*> <*>
1587.0,E44,d <*> <*> <*> <*>
1588.0,E44,d <*> <*> <*> <*>
1589.0,E44,d <*> <*> <*> <*>
1590.0,E44,d <*> <*> <*> <*>
1591.0,E44,d <*> <*> <*> <*>
1592.0,E44,d <*> <*> <*> <*>
1593.0,E44,d <*> <*> <*> <*>
1594.0,E44,d <*> <*> <*> <*>
1595.0,E44,d <*> <*> <*> <*>
1596.0,E44,d <*> <*> <*> <*>
1597.0,E44,d <*> <*> <*> <*>
1598.0,E44,d <*> <*> <*> <*>
1599.0,E44,d <*> <*> <*> <*>
1600.0,E44,d <*> <*> <*> <*>
1601.0,E44,d <*> <*> <*> <*>
1602.0,E44,d <*> <*> <*> <*>
1603.0,E44,d <*> <*> <*> <*>
1604.0,E44,d <*> <*> <*> <*>
1605.0,E44,d <*> <*> <*> <*>
1606.0,E44,d <*> <*> <*> <*>
1607.0,E44,d <*> <*> <*> <*>
1608.0,E44,d <*> <*> <*> <*>
1609.0,E44,d <*> <*> <*> <*>
1610.0,E44,d <*> <*> <*> <*>
1611.0,E44,d <*> <*> <*> <*>
1612.0,E44,d <*> <*> <*> <*>
1613.0,E44,d <*> <*> <*> <*>
1614.0,E44,d <*> <*> <*> <*>
1615.0,E44,d <*> <*> <*> <*>
1616.0,E44,d <*> <*> <*> <*>
1617.0,E44,d <*> <*> <*> <*>
1618.0,E44,d <*> <*> <*> <*>
1619.0,E44,d <*> <*> <*> <*>
1620.0,E44,d <*> <*> <*> <*>
1621.0,E44,d <*> <*> <*> <*>
1622.0,E44,d <*> <*> <*> <*>
1623.0,E44,d <*> <*> <*> <*>
1624.0,E44,d <*> <*> <*> <*>
1625.0,E44,d <*> <*> <*> <*>
1626.0,E44,d <*> <*> <*> <*>
1627.0,E44,d <*> <*> <*> <*>
1628.0,E44,d <*> <*> <*> <*>
1629.0,E44,d <*> <*> <*> <*>
1630.0,E44,d <*> <*> <*> <*>
1631.0,E44,d <*> <*> <*> <*>
1632.0,E44,d <*> <*> <*> <*>
1633.0,E44,d <*> <*> <*> <*>
1634.0,E44,d <*> <*> <*> <*>
1635.0,E44,d <*> <*> <*> <*>
1636.0,E44,d <*> <*> <*> <*>
1637.0,E44,d <*> <*> <*> <*>
1638.0,E44,d <*> <*> <*> <*>
1639.0,E44,d <*> <*> <*> <*>
1640.0,E44,d <*> <*> <*> <*>
1641.0,E44,d <*> <*> <*> <*>
1642.0,E44,d <*> <*> <*> <*>
1643.0,E44,d <*> <*> <*> <*>
1644.0,E44,d <*> <*> <*> <*>
1645.0,E44,d <*> <*> <*> <*>
1646.0,E44,d <*> <*> <*> <*>
1647.0,E44,d <*> <*> <*> <*>
1648.0,E44,d <*> <*> <*> <*>
1649.0,E44,d <*> <*> <*> <*>
1650.0,E44,d <*> <*> <*> <*>
1651.0,E44,d <*> <*> <*> <*>
1652.0,E44,d <*> <*> <*> <*>
1653.0,E44,d <*> <*> <*> <*>
1654.0,E44,d <*> <*> <*> <*>
1655.0,E44,d <*> <*> <*> <*>
1656.0,E44,d <*> <*> <*> <*>
1657.0,E44,d <*> <*> <*> <*>
1658.0,E44,d <*> <*> <*> <*>
1659.0,E44,d <*> <*> <*> <*>
1660.0,E44,d <*> <*> <*> <*>
1661.0,E44,d <*> <*> <*> <*>
1662.0,E44,d <*> <*> <*> <*>
1663.0,E44,d <*> <*> <*> <*>
1664.0,E44,d <*> <*> <*> <*>
1665.0,E44,d <*> <*> <*> <*>
1666.0,E44,d <*> <*> <*> <*>
1667.0,E44,d <*> <*> <*> <*>
1668.0,E44,d <*> <*> <*> <*>
1669.0,E44,d <*> <*> <*> <*>
1670.0,E44,d <*> <*> <*> <*>
1671.0,E44,d <*> <*> <*> <*>
1672.0,E44,d <*> <*> <*> <*>
1673.0,E44,d <*> <*> <*> <*>
1674.0,E44,d <*> <*> <*> <*>
1675.0,E44,d <*> <*> <*> <*>
1676.0,E44,d <*> <*> <*> <*>
1677.0,E44,d <*> <*> <*> <*>
1678.0,E44,d <*> <*> <*> <*>
1679.0,E44,d <*> <*> <*> <*>
1680.0,E44,d <*> <*> <*> <*>
1681.0,E44,d <*> <*> <*> <*>
1682.0,E44,d <*> <*> <*> <*>
1683.0,E44,d <*> <*> <*> <*>
1684.0,E44,d <*> <*> <*> <*>
1685.0,E44,d <*> <*> <*> <*>
1686.0,E44,d <*> <*> <*> <*>
1687.0,E44,d <*> <*> <*> <*>
1688.0,E44,d <*> <*> <*> <*>
1689.0,E44,d <*> <*> <*> <*>
1690.0,E44,d <*> <*> <*> <*>
1691.0,E44,d <*> <*> <*> <*>
1692.0,E44,d <*> <*> <*> <*>
1693.0,E44,d <*> <*> <*> <*>
1694.0,E44,d <*> <*> <*> <*>
1695.0,E44,d <*> <*> <*> <*>
1696.0,E44,d <*> <*> <*> <*>
1697.0,E44,d <*> <*> <*> <*>
1698.0,E44,d <*> <*> <*> <*>
1699.0,E44,d <*> <*> <*> <*>
1700.0,E44,d <*> <*> <*> <*>
1701.0,E44,d <*> <*> <*> <*>
1702.0,E44,d <*> <*> <*> <*>
1703.0,E44,d <*> <*> <*> <*>
1704.0,E44,d <*> <*> <*> <*>
1705.0,E44,d <*> <*> <*> <*>
1706.0,E44,d <*> <*> <*> <*>
1707.0,E44,d <*> <*> <*> <*>
1708.0,E44,d <*> <*> <*> <*>
1709.0,E44,d <*> <*> <*> <*>
1710.0,E44,d <*> <*> <*> <*>
1711.0,E44,d <*> <*> <*> <*>
1712.0,E44,d <*> <*> <*> <*>
1713.0,E44,d <*> <*> <*> <*>
1714.0,E44,d <*> <*> <*> <*>
1715.0,E44,d <*> <*> <*> <*>
1716.0,E44,d <*> <*> <*> <*>
1717.0,E44,d <*> <*> <*> <*>
1718.0,E44,d <*> <*> <*> <*>
1719.0,E44,d <*> <*> <*> <*>
1720.0,E44,d <*> <*> <*> <*>
1721.0,E44,d <*> <*> <*> <*>
1722.0,E44,d <*> <*> <*> <*>
1723.0,E44,d <*> <*> <*> <*>
1724.0,E44,d <*> <*> <*> <*>
1725.0,E44,d <*> <*> <*> <*>
1726.0,E44,d <*> <*> <*> <*>
1727.0,E44,d <*> <*> <*> <*>
1728.0,E44,d <*> <*> <*> <*>
1729.0,E44,d <*> <*> <*> <*>
1730.0,E44,d <*> <*> <*> <*>
1731.0,E44,d <*> <*> <*> <*>
1732.0,E44,d <*> <*> <*> <*>
1733.0,E44,d <*> <*> <*> <*>
1734.0,E44,d <*> <*> <*> <*>
1735.0,E44,d <*> <*> <*> <*>
1736.0,E44,d <*> <*> <*> <*>
1737.0,E44,d <*> <*> <*> <*>
1738.0,E44,d <*> <*> <*> <*>
1739.0,E44,d <*> <*> <*> <*>
1740.0,E44,d <*> <*> <*> <*>
1741.0,E44,d <*> <*> <*> <*>
1742.0,E44,d <*> <*> <*> <*>
1743.0,E44,d <*> <*> <*> <*>
1744.0,E44,d <*> <*> <*> <*>
1745.0,E44,d <*> <*> <*> <*>
1746.0,E44,d <*> <*> <*> <*>
1747.0,E44,d <*> <*> <*> <*>
1748.0,E44,d <*> <*> <*> <*>
1749.0,E44,d <*> <*> <*> <*>
1750.0,E44,d <*> <*> <*> <*>
1751.0,E44,d <*> <*> <*> <*>
1752.0,E44,d <*> <*> <*> <*>
1753.0,E44,d <*> <*> <*> <*>
1754.0,E44,d <*> <*> <*> <*>
1755.0,E44,d <*> <*> <*> <*>
1756.0,E44,d <*> <*> <*> <*>
1757.0,E44,d <*> <*> <*> <*>
1758.0,E44,d <*> <*> <*> <*>
1759.0,E44,d <*> <*> <*> <*>
1760.0,E44,d <*> <*> <*> <*>
1761.0,E44,d <*> <*> <*> <*>
1762.0,E44,d <*> <*> <*> <*>
1763.0,E44,d <*> <*> <*> <*>
1764.0,E44,d <*> <*> <*> <*>
1765.0,E44,d <*> <*> <*> <*>
1766.0,E44,d <*> <*> <*> <*>
1767.0,E44,d <*> <*> <*> <*>
1768.0,E44,d <*> <*> <*> <*>
1769.0,E44,d <*> <*> <*> <*>
1770.0,E44,d <*> <*> <*> <*>
1771.0,E44,d <*> <*> <*> <*>
1772.0,E44,d <*> <*> <*> <*>
1773.0,E44,d <*> <*> <*> <*>
1774.0,E44,d <*> <*> <*> <*>
1775.0,E44,d <*> <*> <*> <*>
1776.0,E44,d <*> <*> <*> <*>
1777.0,E44,d <*> <*> <*> <*>
1778.0,E44,d <*> <*> <*> <*>
1779.0,E44,d <*> <*> <*> <*>
1780.0,E44,d <*> <*> <*> <*>
1781.0,E44,d <*> <*> <*> <*>
1782.0,E44,d <*> <*> <*> <*>
1783.0,E44,d <*> <*> <*> <*>
1784.0,E44,d <*> <*> <*> <*>
1785.0,E44,d <*> <*> <*> <*>
1786.0,E44,d <*> <*> <*> <*>
1787.0,E44,d <*> <*> <*> <*>
1788.0,E44,d <*> <*> <*> <*>
1789.0,E44,d <*> <*> <*> <*>
1790.0,E44,d <*> <*> <*> <*>
1791.0,E44,d <*> <*> <*> <*>
1792.0,E44,d <*> <*> <*> <*>
1793.0,E44,d <*> <*> <*> <*>
1794.0,E44,d <*> <*> <*> <*>
1795.0,E44,d <*> <*> <*> <*>
1796.0,E44,d <*> <*> <*> <*>
1797.0,E44,d <*> <*> <*> <*>
1798.0,E44,d <*> <*> <*> <*>
1799.0,E44,d <*> <*> <*> <*>
1800.0,E44,d <*> <*> <*> <*>
1801.0,E44,d <*> <*> <*> <*>
1802.0,E44,d <*> <*> <*> <*>
1803.0,E44,d <*> <*> <*> <*>
1804.0,E44,d <*> <*> <*> <*>
1805.0,E44,d <*> <*> <*> <*>
1806.0,E44,d <*> <*> <*> <*>
1807.0,E44,d <*> <*> <*> <*>
1808.0,E44,d <*> <*> <*> <*>
1809.0,E44,d <*> <*> <*> <*>
1810.0,E44,d <*> <*> <*> <*>
1811.0,E44,d <*> <*> <*> <*>
1812.0,E44,d <*> <*> <*> <*>
1813.0,E44,d <*> <*> <*> <*>
1814.0,E44,d <*> <*> <*> <*>
1815.0,E44,d <*> <*> <*> <*>
1816.0,E44,d <*> <*> <*> <*>
1817.0,E44,d <*> <*> <*> <*>
1818.0,E44,d <*> <*> <*> <*>
1819.0,E44,d <*> <*> <*> <*>
1820.0,E44,d <*> <*> <*> <*>
1821.0,E44,d <*> <*> <*> <*>
1822.0,E44,d <*> <*> <*> <*>
1823.0,E44,d <*> <*> <*> <*>
1824.0,E44,d <*> <*> <*> <*>
1825.0,E44,d <*> <*> <*> <*>
1826.0,E44,d <*> <*> <*> <*>
1827.0,E44,d <*> <*> <*> <*>
1828.0,E44,d <*> <*> <*> <*>
1829.0,E44,d <*> <*> <*> <*>
1830.0,E44,d <*> <*> <*> <*>
1831.0,E44,d <*> <*> <*> <*>
1832.0,E44,d <*> <*> <*> <*>
1833.0,E44,d <*> <*> <*> <*>
1834.0,E44,d <*> <*> <*> <*>
1835.0,E44,d <*> <*> <*> <*>
1836.0,E44,d <*> <*> <*> <*>
1837.0,E44,d <*> <*> <*> <*>
1838.0,E44,d <*> <*> <*> <*>
1839.0,E44,d <*> <*> <*> <*>
1840.0,E47,Failed subcommands <*>
1841.0,E44,d <*> <*> <*> <*>
1842.0,E44,d <*> <*> <*> <*>
1843.0,E44,d <*> <*> <*> <*>
1844.0,E44,d <*> <*> <*> <*>
1845.0,E44,d <*> <*> <*> <*>
1846.0,E44,d <*> <*> <*> <*>
1847.0,E44,d <*> <*> <*> <*>
1848.0,E44,d <*> <*> <*> <*>
1849.0,E44,d <*> <*> <*> <*>
1850.0,E44,d <*> <*> <*> <*>
1851.0,E44,d <*> <*> <*> <*>
1852.0,E44,d <*> <*> <*> <*>
1853.0,E48,<*> errors remain <*>
1854.0,E48,<*> errors remain <*>
1855.0,E48,<*> errors remain <*>
1856.0,E48,<*> errors remain <*>
1857.0,E48,<*> errors remain <*>
1858.0,E48,<*> errors remain <*>
1859.0,E48,<*> errors remain <*>
1860.0,E48,<*> errors remain <*>
1861.0,E48,<*> errors remain <*>
1862.0,E48,<*> errors remain <*>
1863.0,E48,<*> errors remain <*>
1864.0,E48,<*> errors remain <*>
1865.0,E48,<*> errors remain <*>
1866.0,E48,<*> errors remain <*>
1867.0,E48,<*> errors remain <*>
1868.0,E48,<*> errors remain <*>
1869.0,E48,<*> errors remain <*>
1870.0,E48,<*> errors remain <*>
1871.0,E48,<*> errors remain <*>
1872.0,E48,<*> errors remain <*>
1873.0,E48,<*> errors remain <*>
1874.0,E48,<*> errors remain <*>
1875.0,E48,<*> errors remain <*>
1876.0,E48,<*> errors remain <*>
1877.0,E48,<*> errors remain <*>
1878.0,E48,<*> errors remain <*>
1879.0,E48,<*> errors remain <*>
1880.0,E48,<*> errors remain <*>
1881.0,E48,<*> errors remain <*>
1882.0,E48,<*> errors remain <*>
1883.0,E48,<*> errors remain <*>
1884.0,E48,<*> errors remain <*>
1885.0,E48,<*> errors remain <*>
1886.0,E48,<*> errors remain <*>
1887.0,E48,<*> errors remain <*>
1888.0,E48,<*> errors remain <*>
1889.0,E48,<*> errors remain <*>
1890.0,E48,<*> errors remain <*>
1891.0,E48,<*> errors remain <*>
1892.0,E48,<*> errors remain <*>
1893.0,E48,<*> errors remain <*>
1894.0,E48,<*> errors remain <*>
1895.0,E48,<*> errors remain <*>
1896.0,E48,<*> errors remain <*>
1897.0,E48,<*> errors remain <*>
1898.0,E48,<*> errors remain <*>
1899.0,E48,<*> errors remain <*>
1900.0,E48,<*> errors remain <*>
1901.0,E48,<*> errors remain <*>
1902.0,E48,<*> errors remain <*>
1903.0,E48,<*> errors remain <*>
1904.0,E48,<*> errors remain <*>
1905.0,E48,<*> errors remain <*>
1906.0,E48,<*> errors remain <*>
1907.0,E48,<*> errors remain <*>
1908.0,E48,<*> errors remain <*>
1909.0,E49,NIFF: node node-<*> has detected an available network connection on network <*> via interface scip0
1910.0,E49,NIFF: node node-<*> has detected an available network connection on network <*> via interface scip0
1911.0,E49,NIFF: node node-<*> has detected an available network connection on network <*> via interface scip0
1912.0,E49,NIFF: node node-<*> has detected an available network connection on network <*> via interface scip0
1913.0,E49,NIFF: node node-<*> has detected an available network connection on network <*> via interface scip0
1914.0,E49,NIFF: node node-<*> has detected an available network connection on network <*> via interface scip0
1915.0,E49,NIFF: node node-<*> has detected an available network connection on network <*> via interface scip0
1916.0,E49,NIFF: node node-<*> has detected an available network connection on network <*> via interface scip0
1917.0,E49,NIFF: node node-<*> has detected an available network connection on network <*> via interface scip0
1918.0,E49,NIFF: node node-<*> has detected an available network connection on network <*> via interface scip0
1919.0,E49,NIFF: node node-<*> has detected an available network connection on network <*> via interface scip0
1920.0,E49,NIFF: node node-<*> has detected an available network connection on network <*> via interface scip0
1921.0,E49,NIFF: node node-<*> has detected an available network connection on network <*> via interface scip0
1922.0,E49,NIFF: node node-<*> has detected an available network connection on network <*> via interface scip0
1923.0,E49,NIFF: node node-<*> has detected an available network connection on network <*> via interface scip0
1924.0,E49,NIFF: node node-<*> has detected an available network connection on network <*> via interface scip0
1925.0,E49,NIFF: node node-<*> has detected an available network connection on network <*> via interface scip0
1926.0,E49,NIFF: node node-<*> has detected an available network connection on network <*> via interface scip0
1927.0,E49,NIFF: node node-<*> has detected an available network connection on network <*> via interface scip0
1928.0,E49,NIFF: node node-<*> has detected an available network connection on network <*> via interface scip0
1929.0,E49,NIFF: node node-<*> has detected an available network connection on network <*> via interface scip0
1930.0,E49,NIFF: node node-<*> has detected an available network connection on network <*> via interface scip0
1931.0,E49,NIFF: node node-<*> has detected an available network connection on network <*> via interface scip0
1932.0,E49,NIFF: node node-<*> has detected an available network connection on network <*> via interface scip0
1933.0,E49,NIFF: node node-<*> has detected an available network connection on network <*> via interface scip0
1934.0,E49,NIFF: node node-<*> has detected an available network connection on network <*> via interface scip0
1935.0,E49,NIFF: node node-<*> has detected an available network connection on network <*> via interface scip0
1936.0,E49,NIFF: node node-<*> has detected an available network connection on network <*> via interface scip0
1937.0,E49,NIFF: node node-<*> has detected an available network connection on network <*> via interface scip0
1938.0,E49,NIFF: node node-<*> has detected an available network connection on network <*> via interface scip0
1939.0,E49,NIFF: node node-<*> has detected an available network connection on network <*> via interface scip0
1940.0,E49,NIFF: node node-<*> has detected an available network connection on network <*> via interface scip0
1941.0,E49,NIFF: node node-<*> has detected an available network connection on network <*> via interface scip0
1942.0,E49,NIFF: node node-<*> has detected an available network connection on network <*> via interface scip0
1943.0,E49,NIFF: node node-<*> has detected an available network connection on network <*> via interface scip0
1944.0,E49,NIFF: node node-<*> has detected an available network connection on network <*> via interface scip0
1945.0,E49,NIFF: node node-<*> has detected an available network connection on network <*> via interface scip0
1946.0,E49,NIFF: node node-<*> has detected an available network connection on network <*> via interface scip0
1947.0,E49,NIFF: node node-<*> has detected an available network connection on network <*> via interface scip0
1948.0,E49,NIFF: node node-<*> has detected an available network connection on network <*> via interface scip0
1949.0,E49,NIFF: node node-<*> has detected an available network connection on network <*> via interface scip0
1950.0,E49,NIFF: node node-<*> has detected an available network connection on network <*> via interface scip0
1951.0,E49,NIFF: node node-<*> has detected an available network connection on network <*> via interface scip0
1952.0,E49,NIFF: node node-<*> has detected an available network connection on network <*> via interface scip0
1953.0,E49,NIFF: node node-<*> has detected an available network connection on network <*> via interface scip0
1954.0,E49,NIFF: node node-<*> has detected an available network connection on network <*> via interface scip0
1955.0,E49,NIFF: node node-<*> has detected an available network connection on network <*> via interface scip0
1956.0,E49,NIFF: node node-<*> has detected an available network connection on network <*> via interface scip0
1957.0,E49,NIFF: node node-<*> has detected an available network connection on network <*> via interface scip0
1958.0,E49,NIFF: node node-<*> has detected an available network connection on network <*> via interface scip0
1959.0,E49,NIFF: node node-<*> has detected an available network connection on network <*> via interface scip0
1960.0,E49,NIFF: node node-<*> has detected an available network connection on network <*> via interface scip0
1961.0,E49,NIFF: node node-<*> has detected an available network connection on network <*> via interface scip0
1962.0,E49,NIFF: node node-<*> has detected an available network connection on network <*> via interface scip0
1963.0,E49,NIFF: node node-<*> has detected an available network connection on network <*> via interface scip0
1964.0,E49,NIFF: node node-<*> has detected an available network connection on network <*> via interface scip0
1965.0,E49,NIFF: node node-<*> has detected an available network connection on network <*> via interface scip0
1966.0,E49,NIFF: node node-<*> has detected an available network connection on network <*> via interface scip0
1967.0,E49,NIFF: node node-<*> has detected an available network connection on network <*> via interface scip0
1968.0,E49,NIFF: node node-<*> has detected an available network connection on network <*> via interface scip0
1969.0,E49,NIFF: node node-<*> has detected an available network connection on network <*> via interface scip0
1970.0,E49,NIFF: node node-<*> has detected an available network connection on network <*> via interface scip0
1971.0,E49,NIFF: node node-<*> has detected an available network connection on network <*> via interface scip0
1972.0,E49,NIFF: node node-<*> has detected an available network connection on network <*> via interface scip0
1973.0,E49,NIFF: node node-<*> has detected an available network connection on network <*> via interface scip0
1974.0,E49,NIFF: node node-<*> has detected an available network connection on network <*> via interface scip0
1975.0,E49,NIFF: node node-<*> has detected an available network connection on network <*> via interface scip0
1976.0,E49,NIFF: node node-<*> has detected an available network connection on network <*> via interface scip0
1977.0,E49,NIFF: node node-<*> has detected an available network connection on network <*> via interface scip0
1978.0,E49,NIFF: node node-<*> has detected an available network connection on network <*> via interface scip0
1979.0,E49,NIFF: node node-<*> has detected an available network connection on network <*> via interface scip0
1980.0,E49,NIFF: node node-<*> has detected an available network connection on network <*> via interface scip0
1981.0,E49,NIFF: node node-<*> has detected an available network connection on network <*> via interface scip0
1982.0,E49,NIFF: node node-<*> has detected an available network connection on network <*> via interface scip0
1983.0,E49,NIFF: node node-<*> has detected an available network connection on network <*> via interface scip0
1984.0,E49,NIFF: node node-<*> has detected an available network connection on network <*> via interface scip0
1985.0,E49,NIFF: node node-<*> has detected an available network connection on network <*> via interface scip0
1986.0,E49,NIFF: node node-<*> has detected an available network connection on network <*> via interface scip0
1987.0,E49,NIFF: node node-<*> has detected an available network connection on network <*> via interface scip0
1988.0,E49,NIFF: node node-<*> has detected an available network connection on network <*> via interface scip0
1989.0,E49,NIFF: node node-<*> has detected an available network connection on network <*> via interface scip0
1990.0,E49,NIFF: node node-<*> has detected an available network connection on network <*> via interface scip0
1991.0,E49,NIFF: node node-<*> has detected an available network connection on network <*> via interface scip0
1992.0,E49,NIFF: node node-<*> has detected an available network connection on network <*> via interface scip0
1993.0,E49,NIFF: node node-<*> has detected an available network connection on network <*> via interface scip0
1994.0,E49,NIFF: node node-<*> has detected an available network connection on network <*> via interface scip0
1995.0,E49,NIFF: node node-<*> has detected an available network connection on network <*> via interface scip0
1996.0,E49,NIFF: node node-<*> has detected an available network connection on network <*> via interface scip0
1997.0,E49,NIFF: node node-<*> has detected an available network connection on network <*> via interface scip0
1998.0,E49,NIFF: node node-<*> has detected an available network connection on network <*> via interface scip0
1999.0,E49,NIFF: node node-<*> has detected an available network connection on network <*> via interface scip0
