Content,EventId,EventTemplate,Count
pid=10125 uid=0 old-auid=4294967295 auid=0 tty=(none) old-ses=4294967295 ses=65 res=1,322c8652,pid=10125 uid=0 old-auid=4294967295 auid=0 tty=(none) old-ses=4294967295 ses=65 res=1,1
"pid=10125 uid=0 auid=0 ses=65 msg='op=PAM:session_close acct=""root"" exe=""/usr/sbin/cron"" hostname=? addr=? terminal=cron res=success'",97f26892,"<*> uid=0 <*> <*> <*> acct=""root"" exe=""/usr/sbin/cron"" hostname=? addr=? terminal=cron res=success'",1
"pid=10125 uid=0 auid=0 ses=65 msg='op=PAM:session_open acct=""root"" exe=""/usr/sbin/cron"" hostname=? addr=? terminal=cron res=success'",97f26892,"<*> uid=0 <*> <*> <*> acct=""root"" exe=""/usr/sbin/cron"" hostname=? addr=? terminal=cron res=success'",1
"pid=10125 uid=0 auid=0 ses=65 msg='op=PAM:setcred acct=""root"" exe=""/usr/sbin/cron"" hostname=? addr=? terminal=cron res=success'",97f26892,"<*> uid=0 <*> <*> <*> acct=""root"" exe=""/usr/sbin/cron"" hostname=? addr=? terminal=cron res=success'",1
"pid=10125 uid=0 auid=4294967295 ses=4294967295 msg='op=PAM:accounting acct=""root"" exe=""/usr/sbin/cron"" hostname=? addr=? terminal=cron res=success'",97f26892,"<*> uid=0 <*> <*> <*> acct=""root"" exe=""/usr/sbin/cron"" hostname=? addr=? terminal=cron res=success'",1
"pid=10125 uid=0 auid=4294967295 ses=4294967295 msg='op=PAM:setcred acct=""root"" exe=""/usr/sbin/cron"" hostname=? addr=? terminal=cron res=success'",97f26892,"<*> uid=0 <*> <*> <*> acct=""root"" exe=""/usr/sbin/cron"" hostname=? addr=? terminal=cron res=success'",1
"pid=10197 uid=0 auid=4294967295 ses=4294967295 msg='op=PAM:accounting acct=""root"" exe=""/usr/sbin/cron"" hostname=? addr=? terminal=cron res=success'",97f26892,"<*> uid=0 <*> <*> <*> acct=""root"" exe=""/usr/sbin/cron"" hostname=? addr=? terminal=cron res=success'",1
"pid=10197 uid=0 auid=4294967295 ses=4294967295 msg='op=PAM:setcred acct=""root"" exe=""/usr/sbin/cron"" hostname=? addr=? terminal=cron res=success'",97f26892,"<*> uid=0 <*> <*> <*> acct=""root"" exe=""/usr/sbin/cron"" hostname=? addr=? terminal=cron res=success'",1
"pid=1 uid=0 auid=4294967295 ses=4294967295 msg='unit=phpsessionclean comm=""systemd"" exe=""/lib/systemd/systemd"" hostname=? addr=? terminal=? res=success'",b295a08b,"pid=1 uid=0 auid=4294967295 ses=4294967295 msg='unit=phpsessionclean comm=""systemd"" exe=""/lib/systemd/systemd"" hostname=? addr=? terminal=? res=success'",2
pid=10125 uid=0 old-auid=4294967295 auid=0 tty=(none) old-ses=4294967295 ses=65 res=1,322c8652,pid=10125 uid=0 old-auid=4294967295 auid=0 tty=(none) old-ses=4294967295 ses=65 res=1,1
"pid=10125 uid=0 auid=0 ses=65 msg='op=PAM:session_close acct=""root"" exe=""/usr/sbin/cron"" hostname=? addr=? terminal=cron res=success'",97f26892,"<*> uid=0 <*> <*> <*> acct=""root"" exe=""/usr/sbin/cron"" hostname=? addr=? terminal=cron res=success'",1
"pid=10125 uid=0 auid=0 ses=65 msg='op=PAM:session_open acct=""root"" exe=""/usr/sbin/cron"" hostname=? addr=? terminal=cron res=success'",97f26892,"<*> uid=0 <*> <*> <*> acct=""root"" exe=""/usr/sbin/cron"" hostname=? addr=? terminal=cron res=success'",1
"pid=10125 uid=0 auid=0 ses=65 msg='op=PAM:setcred acct=""root"" exe=""/usr/sbin/cron"" hostname=? addr=? terminal=cron res=success'",97f26892,"<*> uid=0 <*> <*> <*> acct=""root"" exe=""/usr/sbin/cron"" hostname=? addr=? terminal=cron res=success'",1
"pid=10125 uid=0 auid=4294967295 ses=4294967295 msg='op=PAM:accounting acct=""root"" exe=""/usr/sbin/cron"" hostname=? addr=? terminal=cron res=success'",97f26892,"<*> uid=0 <*> <*> <*> acct=""root"" exe=""/usr/sbin/cron"" hostname=? addr=? terminal=cron res=success'",1
"pid=10125 uid=0 auid=4294967295 ses=4294967295 msg='op=PAM:setcred acct=""root"" exe=""/usr/sbin/cron"" hostname=? addr=? terminal=cron res=success'",97f26892,"<*> uid=0 <*> <*> <*> acct=""root"" exe=""/usr/sbin/cron"" hostname=? addr=? terminal=cron res=success'",1
"pid=10197 uid=0 auid=4294967295 ses=4294967295 msg='op=PAM:accounting acct=""root"" exe=""/usr/sbin/cron"" hostname=? addr=? terminal=cron res=success'",97f26892,"<*> uid=0 <*> <*> <*> acct=""root"" exe=""/usr/sbin/cron"" hostname=? addr=? terminal=cron res=success'",1
"pid=10197 uid=0 auid=4294967295 ses=4294967295 msg='op=PAM:setcred acct=""root"" exe=""/usr/sbin/cron"" hostname=? addr=? terminal=cron res=success'",97f26892,"<*> uid=0 <*> <*> <*> acct=""root"" exe=""/usr/sbin/cron"" hostname=? addr=? terminal=cron res=success'",1
"pid=1 uid=0 auid=4294967295 ses=4294967295 msg='unit=phpsessionclean comm=""systemd"" exe=""/lib/systemd/systemd"" hostname=? addr=? terminal=? res=success'",b295a08b,"pid=1 uid=0 auid=4294967295 ses=4294967295 msg='unit=phpsessionclean comm=""systemd"" exe=""/lib/systemd/systemd"" hostname=? addr=? terminal=? res=success'",2
pid=10125 uid=0 old-auid=4294967295 auid=0 tty=(none) old-ses=4294967295 ses=65 res=1,322c8652,pid=10125 uid=0 old-auid=4294967295 auid=0 tty=(none) old-ses=4294967295 ses=65 res=1,1
"pid=10125 uid=0 auid=0 ses=65 msg='op=PAM:session_close acct=""root"" exe=""/usr/sbin/cron"" hostname=? addr=? terminal=cron res=success'",97f26892,"<*> uid=0 <*> <*> <*> acct=""root"" exe=""/usr/sbin/cron"" hostname=? addr=? terminal=cron res=success'",1
"pid=10125 uid=0 auid=0 ses=65 msg='op=PAM:session_open acct=""root"" exe=""/usr/sbin/cron"" hostname=? addr=? terminal=cron res=success'",97f26892,"<*> uid=0 <*> <*> <*> acct=""root"" exe=""/usr/sbin/cron"" hostname=? addr=? terminal=cron res=success'",1
"pid=10125 uid=0 auid=0 ses=65 msg='op=PAM:setcred acct=""root"" exe=""/usr/sbin/cron"" hostname=? addr=? terminal=cron res=success'",97f26892,"<*> uid=0 <*> <*> <*> acct=""root"" exe=""/usr/sbin/cron"" hostname=? addr=? terminal=cron res=success'",1
"pid=10125 uid=0 auid=4294967295 ses=4294967295 msg='op=PAM:accounting acct=""root"" exe=""/usr/sbin/cron"" hostname=? addr=? terminal=cron res=success'",97f26892,"<*> uid=0 <*> <*> <*> acct=""root"" exe=""/usr/sbin/cron"" hostname=? addr=? terminal=cron res=success'",1
"pid=10125 uid=0 auid=4294967295 ses=4294967295 msg='op=PAM:setcred acct=""root"" exe=""/usr/sbin/cron"" hostname=? addr=? terminal=cron res=success'",97f26892,"<*> uid=0 <*> <*> <*> acct=""root"" exe=""/usr/sbin/cron"" hostname=? addr=? terminal=cron res=success'",1
"pid=10197 uid=0 auid=4294967295 ses=4294967295 msg='op=PAM:accounting acct=""root"" exe=""/usr/sbin/cron"" hostname=? addr=? terminal=cron res=success'",97f26892,"<*> uid=0 <*> <*> <*> acct=""root"" exe=""/usr/sbin/cron"" hostname=? addr=? terminal=cron res=success'",1
"pid=10197 uid=0 auid=4294967295 ses=4294967295 msg='op=PAM:setcred acct=""root"" exe=""/usr/sbin/cron"" hostname=? addr=? terminal=cron res=success'",97f26892,"<*> uid=0 <*> <*> <*> acct=""root"" exe=""/usr/sbin/cron"" hostname=? addr=? terminal=cron res=success'",1
"pid=1 uid=0 auid=4294967295 ses=4294967295 msg='unit=phpsessionclean comm=""systemd"" exe=""/lib/systemd/systemd"" hostname=? addr=? terminal=? res=success'",b295a08b,"pid=1 uid=0 auid=4294967295 ses=4294967295 msg='unit=phpsessionclean comm=""systemd"" exe=""/lib/systemd/systemd"" hostname=? addr=? terminal=? res=success'",2
pid=10125 uid=0 old-auid=4294967295 auid=0 tty=(none) old-ses=4294967295 ses=65 res=1,322c8652,pid=10125 uid=0 old-auid=4294967295 auid=0 tty=(none) old-ses=4294967295 ses=65 res=1,1
"pid=10125 uid=0 auid=0 ses=65 msg='op=PAM:session_close acct=""root"" exe=""/usr/sbin/cron"" hostname=? addr=? terminal=cron res=success'",97f26892,"<*> uid=0 <*> <*> <*> acct=""root"" exe=""/usr/sbin/cron"" hostname=? addr=? terminal=cron res=success'",1
"pid=10125 uid=0 auid=0 ses=65 msg='op=PAM:session_open acct=""root"" exe=""/usr/sbin/cron"" hostname=? addr=? terminal=cron res=success'",97f26892,"<*> uid=0 <*> <*> <*> acct=""root"" exe=""/usr/sbin/cron"" hostname=? addr=? terminal=cron res=success'",1
"pid=10125 uid=0 auid=0 ses=65 msg='op=PAM:setcred acct=""root"" exe=""/usr/sbin/cron"" hostname=? addr=? terminal=cron res=success'",97f26892,"<*> uid=0 <*> <*> <*> acct=""root"" exe=""/usr/sbin/cron"" hostname=? addr=? terminal=cron res=success'",1
"pid=10125 uid=0 auid=4294967295 ses=4294967295 msg='op=PAM:accounting acct=""root"" exe=""/usr/sbin/cron"" hostname=? addr=? terminal=cron res=success'",97f26892,"<*> uid=0 <*> <*> <*> acct=""root"" exe=""/usr/sbin/cron"" hostname=? addr=? terminal=cron res=success'",1
"pid=10125 uid=0 auid=4294967295 ses=4294967295 msg='op=PAM:setcred acct=""root"" exe=""/usr/sbin/cron"" hostname=? addr=? terminal=cron res=success'",97f26892,"<*> uid=0 <*> <*> <*> acct=""root"" exe=""/usr/sbin/cron"" hostname=? addr=? terminal=cron res=success'",1
"pid=10197 uid=0 auid=4294967295 ses=4294967295 msg='op=PAM:accounting acct=""root"" exe=""/usr/sbin/cron"" hostname=? addr=? terminal=cron res=success'",97f26892,"<*> uid=0 <*> <*> <*> acct=""root"" exe=""/usr/sbin/cron"" hostname=? addr=? terminal=cron res=success'",1
"pid=10197 uid=0 auid=4294967295 ses=4294967295 msg='op=PAM:setcred acct=""root"" exe=""/usr/sbin/cron"" hostname=? addr=? terminal=cron res=success'",97f26892,"<*> uid=0 <*> <*> <*> acct=""root"" exe=""/usr/sbin/cron"" hostname=? addr=? terminal=cron res=success'",1
"pid=1 uid=0 auid=4294967295 ses=4294967295 msg='unit=phpsessionclean comm=""systemd"" exe=""/lib/systemd/systemd"" hostname=? addr=? terminal=? res=success'",b295a08b,"pid=1 uid=0 auid=4294967295 ses=4294967295 msg='unit=phpsessionclean comm=""systemd"" exe=""/lib/systemd/systemd"" hostname=? addr=? terminal=? res=success'",2
pid=10125 uid=0 old-auid=4294967295 auid=0 tty=(none) old-ses=4294967295 ses=65 res=1,322c8652,pid=10125 uid=0 old-auid=4294967295 auid=0 tty=(none) old-ses=4294967295 ses=65 res=1,1
"pid=10125 uid=0 auid=0 ses=65 msg='op=PAM:session_close acct=""root"" exe=""/usr/sbin/cron"" hostname=? addr=? terminal=cron res=success'",97f26892,"<*> uid=0 <*> <*> <*> acct=""root"" exe=""/usr/sbin/cron"" hostname=? addr=? terminal=cron res=success'",1
"pid=10125 uid=0 auid=0 ses=65 msg='op=PAM:session_open acct=""root"" exe=""/usr/sbin/cron"" hostname=? addr=? terminal=cron res=success'",97f26892,"<*> uid=0 <*> <*> <*> acct=""root"" exe=""/usr/sbin/cron"" hostname=? addr=? terminal=cron res=success'",1
"pid=10125 uid=0 auid=0 ses=65 msg='op=PAM:setcred acct=""root"" exe=""/usr/sbin/cron"" hostname=? addr=? terminal=cron res=success'",97f26892,"<*> uid=0 <*> <*> <*> acct=""root"" exe=""/usr/sbin/cron"" hostname=? addr=? terminal=cron res=success'",1
"pid=10125 uid=0 auid=4294967295 ses=4294967295 msg='op=PAM:accounting acct=""root"" exe=""/usr/sbin/cron"" hostname=? addr=? terminal=cron res=success'",97f26892,"<*> uid=0 <*> <*> <*> acct=""root"" exe=""/usr/sbin/cron"" hostname=? addr=? terminal=cron res=success'",1
"pid=10125 uid=0 auid=4294967295 ses=4294967295 msg='op=PAM:setcred acct=""root"" exe=""/usr/sbin/cron"" hostname=? addr=? terminal=cron res=success'",97f26892,"<*> uid=0 <*> <*> <*> acct=""root"" exe=""/usr/sbin/cron"" hostname=? addr=? terminal=cron res=success'",1
"pid=10197 uid=0 auid=4294967295 ses=4294967295 msg='op=PAM:accounting acct=""root"" exe=""/usr/sbin/cron"" hostname=? addr=? terminal=cron res=success'",97f26892,"<*> uid=0 <*> <*> <*> acct=""root"" exe=""/usr/sbin/cron"" hostname=? addr=? terminal=cron res=success'",1
"pid=10197 uid=0 auid=4294967295 ses=4294967295 msg='op=PAM:setcred acct=""root"" exe=""/usr/sbin/cron"" hostname=? addr=? terminal=cron res=success'",97f26892,"<*> uid=0 <*> <*> <*> acct=""root"" exe=""/usr/sbin/cron"" hostname=? addr=? terminal=cron res=success'",1
"pid=1 uid=0 auid=4294967295 ses=4294967295 msg='unit=phpsessionclean comm=""systemd"" exe=""/lib/systemd/systemd"" hostname=? addr=? terminal=? res=success'",b295a08b,"pid=1 uid=0 auid=4294967295 ses=4294967295 msg='unit=phpsessionclean comm=""systemd"" exe=""/lib/systemd/systemd"" hostname=? addr=? terminal=? res=success'",2
pid=10125 uid=0 old-auid=4294967295 auid=0 tty=(none) old-ses=4294967295 ses=65 res=1,322c8652,pid=10125 uid=0 old-auid=4294967295 auid=0 tty=(none) old-ses=4294967295 ses=65 res=1,1
"pid=10125 uid=0 auid=0 ses=65 msg='op=PAM:session_close acct=""root"" exe=""/usr/sbin/cron"" hostname=? addr=? terminal=cron res=success'",97f26892,"<*> uid=0 <*> <*> <*> acct=""root"" exe=""/usr/sbin/cron"" hostname=? addr=? terminal=cron res=success'",1
"pid=10125 uid=0 auid=0 ses=65 msg='op=PAM:session_open acct=""root"" exe=""/usr/sbin/cron"" hostname=? addr=? terminal=cron res=success'",97f26892,"<*> uid=0 <*> <*> <*> acct=""root"" exe=""/usr/sbin/cron"" hostname=? addr=? terminal=cron res=success'",1
"pid=10125 uid=0 auid=0 ses=65 msg='op=PAM:setcred acct=""root"" exe=""/usr/sbin/cron"" hostname=? addr=? terminal=cron res=success'",97f26892,"<*> uid=0 <*> <*> <*> acct=""root"" exe=""/usr/sbin/cron"" hostname=? addr=? terminal=cron res=success'",1
"pid=10125 uid=0 auid=4294967295 ses=4294967295 msg='op=PAM:accounting acct=""root"" exe=""/usr/sbin/cron"" hostname=? addr=? terminal=cron res=success'",97f26892,"<*> uid=0 <*> <*> <*> acct=""root"" exe=""/usr/sbin/cron"" hostname=? addr=? terminal=cron res=success'",1
"pid=10125 uid=0 auid=4294967295 ses=4294967295 msg='op=PAM:setcred acct=""root"" exe=""/usr/sbin/cron"" hostname=? addr=? terminal=cron res=success'",97f26892,"<*> uid=0 <*> <*> <*> acct=""root"" exe=""/usr/sbin/cron"" hostname=? addr=? terminal=cron res=success'",1
"pid=10197 uid=0 auid=4294967295 ses=4294967295 msg='op=PAM:accounting acct=""root"" exe=""/usr/sbin/cron"" hostname=? addr=? terminal=cron res=success'",97f26892,"<*> uid=0 <*> <*> <*> acct=""root"" exe=""/usr/sbin/cron"" hostname=? addr=? terminal=cron res=success'",1
"pid=10197 uid=0 auid=4294967295 ses=4294967295 msg='op=PAM:setcred acct=""root"" exe=""/usr/sbin/cron"" hostname=? addr=? terminal=cron res=success'",97f26892,"<*> uid=0 <*> <*> <*> acct=""root"" exe=""/usr/sbin/cron"" hostname=? addr=? terminal=cron res=success'",1
"pid=1 uid=0 auid=4294967295 ses=4294967295 msg='unit=phpsessionclean comm=""systemd"" exe=""/lib/systemd/systemd"" hostname=? addr=? terminal=? res=success'",b295a08b,"pid=1 uid=0 auid=4294967295 ses=4294967295 msg='unit=phpsessionclean comm=""systemd"" exe=""/lib/systemd/systemd"" hostname=? addr=? terminal=? res=success'",2
pid=10125 uid=0 old-auid=4294967295 auid=0 tty=(none) old-ses=4294967295 ses=65 res=1,322c8652,pid=10125 uid=0 old-auid=4294967295 auid=0 tty=(none) old-ses=4294967295 ses=65 res=1,1
"pid=10125 uid=0 auid=0 ses=65 msg='op=PAM:session_close acct=""root"" exe=""/usr/sbin/cron"" hostname=? addr=? terminal=cron res=success'",97f26892,"<*> uid=0 <*> <*> <*> acct=""root"" exe=""/usr/sbin/cron"" hostname=? addr=? terminal=cron res=success'",1
"pid=10125 uid=0 auid=0 ses=65 msg='op=PAM:session_open acct=""root"" exe=""/usr/sbin/cron"" hostname=? addr=? terminal=cron res=success'",97f26892,"<*> uid=0 <*> <*> <*> acct=""root"" exe=""/usr/sbin/cron"" hostname=? addr=? terminal=cron res=success'",1
"pid=10125 uid=0 auid=0 ses=65 msg='op=PAM:setcred acct=""root"" exe=""/usr/sbin/cron"" hostname=? addr=? terminal=cron res=success'",97f26892,"<*> uid=0 <*> <*> <*> acct=""root"" exe=""/usr/sbin/cron"" hostname=? addr=? terminal=cron res=success'",1
"pid=10125 uid=0 auid=4294967295 ses=4294967295 msg='op=PAM:accounting acct=""root"" exe=""/usr/sbin/cron"" hostname=? addr=? terminal=cron res=success'",97f26892,"<*> uid=0 <*> <*> <*> acct=""root"" exe=""/usr/sbin/cron"" hostname=? addr=? terminal=cron res=success'",1
"pid=10125 uid=0 auid=4294967295 ses=4294967295 msg='op=PAM:setcred acct=""root"" exe=""/usr/sbin/cron"" hostname=? addr=? terminal=cron res=success'",97f26892,"<*> uid=0 <*> <*> <*> acct=""root"" exe=""/usr/sbin/cron"" hostname=? addr=? terminal=cron res=success'",1
"pid=10197 uid=0 auid=4294967295 ses=4294967295 msg='op=PAM:accounting acct=""root"" exe=""/usr/sbin/cron"" hostname=? addr=? terminal=cron res=success'",97f26892,"<*> uid=0 <*> <*> <*> acct=""root"" exe=""/usr/sbin/cron"" hostname=? addr=? terminal=cron res=success'",1
"pid=10197 uid=0 auid=4294967295 ses=4294967295 msg='op=PAM:setcred acct=""root"" exe=""/usr/sbin/cron"" hostname=? addr=? terminal=cron res=success'",97f26892,"<*> uid=0 <*> <*> <*> acct=""root"" exe=""/usr/sbin/cron"" hostname=? addr=? terminal=cron res=success'",1
"pid=1 uid=0 auid=4294967295 ses=4294967295 msg='unit=phpsessionclean comm=""systemd"" exe=""/lib/systemd/systemd"" hostname=? addr=? terminal=? res=success'",b295a08b,"pid=1 uid=0 auid=4294967295 ses=4294967295 msg='unit=phpsessionclean comm=""systemd"" exe=""/lib/systemd/systemd"" hostname=? addr=? terminal=? res=success'",2
pid=10125 uid=0 old-auid=4294967295 auid=0 tty=(none) old-ses=4294967295 ses=65 res=1,322c8652,pid=10125 uid=0 old-auid=4294967295 auid=0 tty=(none) old-ses=4294967295 ses=65 res=1,1
"pid=10125 uid=0 auid=0 ses=65 msg='op=PAM:session_close acct=""root"" exe=""/usr/sbin/cron"" hostname=? addr=? terminal=cron res=success'",97f26892,"<*> uid=0 <*> <*> <*> acct=""root"" exe=""/usr/sbin/cron"" hostname=? addr=? terminal=cron res=success'",1
"pid=10125 uid=0 auid=0 ses=65 msg='op=PAM:session_open acct=""root"" exe=""/usr/sbin/cron"" hostname=? addr=? terminal=cron res=success'",97f26892,"<*> uid=0 <*> <*> <*> acct=""root"" exe=""/usr/sbin/cron"" hostname=? addr=? terminal=cron res=success'",1
"pid=10125 uid=0 auid=0 ses=65 msg='op=PAM:setcred acct=""root"" exe=""/usr/sbin/cron"" hostname=? addr=? terminal=cron res=success'",97f26892,"<*> uid=0 <*> <*> <*> acct=""root"" exe=""/usr/sbin/cron"" hostname=? addr=? terminal=cron res=success'",1
"pid=10125 uid=0 auid=4294967295 ses=4294967295 msg='op=PAM:accounting acct=""root"" exe=""/usr/sbin/cron"" hostname=? addr=? terminal=cron res=success'",97f26892,"<*> uid=0 <*> <*> <*> acct=""root"" exe=""/usr/sbin/cron"" hostname=? addr=? terminal=cron res=success'",1
"pid=10125 uid=0 auid=4294967295 ses=4294967295 msg='op=PAM:setcred acct=""root"" exe=""/usr/sbin/cron"" hostname=? addr=? terminal=cron res=success'",97f26892,"<*> uid=0 <*> <*> <*> acct=""root"" exe=""/usr/sbin/cron"" hostname=? addr=? terminal=cron res=success'",1
"pid=10197 uid=0 auid=4294967295 ses=4294967295 msg='op=PAM:accounting acct=""root"" exe=""/usr/sbin/cron"" hostname=? addr=? terminal=cron res=success'",97f26892,"<*> uid=0 <*> <*> <*> acct=""root"" exe=""/usr/sbin/cron"" hostname=? addr=? terminal=cron res=success'",1
"pid=10197 uid=0 auid=4294967295 ses=4294967295 msg='op=PAM:setcred acct=""root"" exe=""/usr/sbin/cron"" hostname=? addr=? terminal=cron res=success'",97f26892,"<*> uid=0 <*> <*> <*> acct=""root"" exe=""/usr/sbin/cron"" hostname=? addr=? terminal=cron res=success'",1
"pid=1 uid=0 auid=4294967295 ses=4294967295 msg='unit=phpsessionclean comm=""systemd"" exe=""/lib/systemd/systemd"" hostname=? addr=? terminal=? res=success'",b295a08b,"pid=1 uid=0 auid=4294967295 ses=4294967295 msg='unit=phpsessionclean comm=""systemd"" exe=""/lib/systemd/systemd"" hostname=? addr=? terminal=? res=success'",2
pid=10125 uid=0 old-auid=4294967295 auid=0 tty=(none) old-ses=4294967295 ses=65 res=1,322c8652,pid=10125 uid=0 old-auid=4294967295 auid=0 tty=(none) old-ses=4294967295 ses=65 res=1,1
"pid=10125 uid=0 auid=0 ses=65 msg='op=PAM:session_close acct=""root"" exe=""/usr/sbin/cron"" hostname=? addr=? terminal=cron res=success'",97f26892,"<*> uid=0 <*> <*> <*> acct=""root"" exe=""/usr/sbin/cron"" hostname=? addr=? terminal=cron res=success'",1
"pid=10125 uid=0 auid=0 ses=65 msg='op=PAM:session_open acct=""root"" exe=""/usr/sbin/cron"" hostname=? addr=? terminal=cron res=success'",97f26892,"<*> uid=0 <*> <*> <*> acct=""root"" exe=""/usr/sbin/cron"" hostname=? addr=? terminal=cron res=success'",1
"pid=10125 uid=0 auid=0 ses=65 msg='op=PAM:setcred acct=""root"" exe=""/usr/sbin/cron"" hostname=? addr=? terminal=cron res=success'",97f26892,"<*> uid=0 <*> <*> <*> acct=""root"" exe=""/usr/sbin/cron"" hostname=? addr=? terminal=cron res=success'",1
"pid=10125 uid=0 auid=4294967295 ses=4294967295 msg='op=PAM:accounting acct=""root"" exe=""/usr/sbin/cron"" hostname=? addr=? terminal=cron res=success'",97f26892,"<*> uid=0 <*> <*> <*> acct=""root"" exe=""/usr/sbin/cron"" hostname=? addr=? terminal=cron res=success'",1
"pid=10125 uid=0 auid=4294967295 ses=4294967295 msg='op=PAM:setcred acct=""root"" exe=""/usr/sbin/cron"" hostname=? addr=? terminal=cron res=success'",97f26892,"<*> uid=0 <*> <*> <*> acct=""root"" exe=""/usr/sbin/cron"" hostname=? addr=? terminal=cron res=success'",1
"pid=10197 uid=0 auid=4294967295 ses=4294967295 msg='op=PAM:accounting acct=""root"" exe=""/usr/sbin/cron"" hostname=? addr=? terminal=cron res=success'",97f26892,"<*> uid=0 <*> <*> <*> acct=""root"" exe=""/usr/sbin/cron"" hostname=? addr=? terminal=cron res=success'",1
"pid=10197 uid=0 auid=4294967295 ses=4294967295 msg='op=PAM:setcred acct=""root"" exe=""/usr/sbin/cron"" hostname=? addr=? terminal=cron res=success'",97f26892,"<*> uid=0 <*> <*> <*> acct=""root"" exe=""/usr/sbin/cron"" hostname=? addr=? terminal=cron res=success'",1
"pid=1 uid=0 auid=4294967295 ses=4294967295 msg='unit=phpsessionclean comm=""systemd"" exe=""/lib/systemd/systemd"" hostname=? addr=? terminal=? res=success'",b295a08b,"pid=1 uid=0 auid=4294967295 ses=4294967295 msg='unit=phpsessionclean comm=""systemd"" exe=""/lib/systemd/systemd"" hostname=? addr=? terminal=? res=success'",2
pid=10125 uid=0 old-auid=4294967295 auid=0 tty=(none) old-ses=4294967295 ses=65 res=1,322c8652,pid=10125 uid=0 old-auid=4294967295 auid=0 tty=(none) old-ses=4294967295 ses=65 res=1,1
"pid=10125 uid=0 auid=0 ses=65 msg='op=PAM:session_close acct=""root"" exe=""/usr/sbin/cron"" hostname=? addr=? terminal=cron res=success'",97f26892,"<*> uid=0 <*> <*> <*> acct=""root"" exe=""/usr/sbin/cron"" hostname=? addr=? terminal=cron res=success'",1
"pid=10125 uid=0 auid=0 ses=65 msg='op=PAM:session_open acct=""root"" exe=""/usr/sbin/cron"" hostname=? addr=? terminal=cron res=success'",97f26892,"<*> uid=0 <*> <*> <*> acct=""root"" exe=""/usr/sbin/cron"" hostname=? addr=? terminal=cron res=success'",1
"pid=10125 uid=0 auid=0 ses=65 msg='op=PAM:setcred acct=""root"" exe=""/usr/sbin/cron"" hostname=? addr=? terminal=cron res=success'",97f26892,"<*> uid=0 <*> <*> <*> acct=""root"" exe=""/usr/sbin/cron"" hostname=? addr=? terminal=cron res=success'",1
"pid=10125 uid=0 auid=4294967295 ses=4294967295 msg='op=PAM:accounting acct=""root"" exe=""/usr/sbin/cron"" hostname=? addr=? terminal=cron res=success'",97f26892,"<*> uid=0 <*> <*> <*> acct=""root"" exe=""/usr/sbin/cron"" hostname=? addr=? terminal=cron res=success'",1
"pid=10125 uid=0 auid=4294967295 ses=4294967295 msg='op=PAM:setcred acct=""root"" exe=""/usr/sbin/cron"" hostname=? addr=? terminal=cron res=success'",97f26892,"<*> uid=0 <*> <*> <*> acct=""root"" exe=""/usr/sbin/cron"" hostname=? addr=? terminal=cron res=success'",1
"pid=10197 uid=0 auid=4294967295 ses=4294967295 msg='op=PAM:accounting acct=""root"" exe=""/usr/sbin/cron"" hostname=? addr=? terminal=cron res=success'",97f26892,"<*> uid=0 <*> <*> <*> acct=""root"" exe=""/usr/sbin/cron"" hostname=? addr=? terminal=cron res=success'",1
"pid=10197 uid=0 auid=4294967295 ses=4294967295 msg='op=PAM:setcred acct=""root"" exe=""/usr/sbin/cron"" hostname=? addr=? terminal=cron res=success'",97f26892,"<*> uid=0 <*> <*> <*> acct=""root"" exe=""/usr/sbin/cron"" hostname=? addr=? terminal=cron res=success'",1
"pid=1 uid=0 auid=4294967295 ses=4294967295 msg='unit=phpsessionclean comm=""systemd"" exe=""/lib/systemd/systemd"" hostname=? addr=? terminal=? res=success'",b295a08b,"pid=1 uid=0 auid=4294967295 ses=4294967295 msg='unit=phpsessionclean comm=""systemd"" exe=""/lib/systemd/systemd"" hostname=? addr=? terminal=? res=success'",2
pid=10125 uid=0 old-auid=4294967295 auid=0 tty=(none) old-ses=4294967295 ses=65 res=1,322c8652,pid=10125 uid=0 old-auid=4294967295 auid=0 tty=(none) old-ses=4294967295 ses=65 res=1,1
"pid=10125 uid=0 auid=0 ses=65 msg='op=PAM:session_close acct=""root"" exe=""/usr/sbin/cron"" hostname=? addr=? terminal=cron res=success'",97f26892,"<*> uid=0 <*> <*> <*> acct=""root"" exe=""/usr/sbin/cron"" hostname=? addr=? terminal=cron res=success'",1
"pid=10125 uid=0 auid=0 ses=65 msg='op=PAM:session_open acct=""root"" exe=""/usr/sbin/cron"" hostname=? addr=? terminal=cron res=success'",97f26892,"<*> uid=0 <*> <*> <*> acct=""root"" exe=""/usr/sbin/cron"" hostname=? addr=? terminal=cron res=success'",1
"pid=10125 uid=0 auid=0 ses=65 msg='op=PAM:setcred acct=""root"" exe=""/usr/sbin/cron"" hostname=? addr=? terminal=cron res=success'",97f26892,"<*> uid=0 <*> <*> <*> acct=""root"" exe=""/usr/sbin/cron"" hostname=? addr=? terminal=cron res=success'",1
"pid=10125 uid=0 auid=4294967295 ses=4294967295 msg='op=PAM:accounting acct=""root"" exe=""/usr/sbin/cron"" hostname=? addr=? terminal=cron res=success'",97f26892,"<*> uid=0 <*> <*> <*> acct=""root"" exe=""/usr/sbin/cron"" hostname=? addr=? terminal=cron res=success'",1
"pid=10125 uid=0 auid=4294967295 ses=4294967295 msg='op=PAM:setcred acct=""root"" exe=""/usr/sbin/cron"" hostname=? addr=? terminal=cron res=success'",97f26892,"<*> uid=0 <*> <*> <*> acct=""root"" exe=""/usr/sbin/cron"" hostname=? addr=? terminal=cron res=success'",1
"pid=10197 uid=0 auid=4294967295 ses=4294967295 msg='op=PAM:accounting acct=""root"" exe=""/usr/sbin/cron"" hostname=? addr=? terminal=cron res=success'",97f26892,"<*> uid=0 <*> <*> <*> acct=""root"" exe=""/usr/sbin/cron"" hostname=? addr=? terminal=cron res=success'",1
"pid=10197 uid=0 auid=4294967295 ses=4294967295 msg='op=PAM:setcred acct=""root"" exe=""/usr/sbin/cron"" hostname=? addr=? terminal=cron res=success'",97f26892,"<*> uid=0 <*> <*> <*> acct=""root"" exe=""/usr/sbin/cron"" hostname=? addr=? terminal=cron res=success'",1
"pid=1 uid=0 auid=4294967295 ses=4294967295 msg='unit=phpsessionclean comm=""systemd"" exe=""/lib/systemd/systemd"" hostname=? addr=? terminal=? res=success'",b295a08b,"pid=1 uid=0 auid=4294967295 ses=4294967295 msg='unit=phpsessionclean comm=""systemd"" exe=""/lib/systemd/systemd"" hostname=? addr=? terminal=? res=success'",2
pid=10125 uid=0 old-auid=4294967295 auid=0 tty=(none) old-ses=4294967295 ses=65 res=1,322c8652,pid=10125 uid=0 old-auid=4294967295 auid=0 tty=(none) old-ses=4294967295 ses=65 res=1,1
"pid=10125 uid=0 auid=0 ses=65 msg='op=PAM:session_close acct=""root"" exe=""/usr/sbin/cron"" hostname=? addr=? terminal=cron res=success'",97f26892,"<*> uid=0 <*> <*> <*> acct=""root"" exe=""/usr/sbin/cron"" hostname=? addr=? terminal=cron res=success'",1
"pid=10125 uid=0 auid=0 ses=65 msg='op=PAM:session_open acct=""root"" exe=""/usr/sbin/cron"" hostname=? addr=? terminal=cron res=success'",97f26892,"<*> uid=0 <*> <*> <*> acct=""root"" exe=""/usr/sbin/cron"" hostname=? addr=? terminal=cron res=success'",1
"pid=10125 uid=0 auid=0 ses=65 msg='op=PAM:setcred acct=""root"" exe=""/usr/sbin/cron"" hostname=? addr=? terminal=cron res=success'",97f26892,"<*> uid=0 <*> <*> <*> acct=""root"" exe=""/usr/sbin/cron"" hostname=? addr=? terminal=cron res=success'",1
"pid=10125 uid=0 auid=4294967295 ses=4294967295 msg='op=PAM:accounting acct=""root"" exe=""/usr/sbin/cron"" hostname=? addr=? terminal=cron res=success'",97f26892,"<*> uid=0 <*> <*> <*> acct=""root"" exe=""/usr/sbin/cron"" hostname=? addr=? terminal=cron res=success'",1
"pid=10125 uid=0 auid=4294967295 ses=4294967295 msg='op=PAM:setcred acct=""root"" exe=""/usr/sbin/cron"" hostname=? addr=? terminal=cron res=success'",97f26892,"<*> uid=0 <*> <*> <*> acct=""root"" exe=""/usr/sbin/cron"" hostname=? addr=? terminal=cron res=success'",1
"pid=10197 uid=0 auid=4294967295 ses=4294967295 msg='op=PAM:accounting acct=""root"" exe=""/usr/sbin/cron"" hostname=? addr=? terminal=cron res=success'",97f26892,"<*> uid=0 <*> <*> <*> acct=""root"" exe=""/usr/sbin/cron"" hostname=? addr=? terminal=cron res=success'",1
"pid=10197 uid=0 auid=4294967295 ses=4294967295 msg='op=PAM:setcred acct=""root"" exe=""/usr/sbin/cron"" hostname=? addr=? terminal=cron res=success'",97f26892,"<*> uid=0 <*> <*> <*> acct=""root"" exe=""/usr/sbin/cron"" hostname=? addr=? terminal=cron res=success'",1
"pid=1 uid=0 auid=4294967295 ses=4294967295 msg='unit=phpsessionclean comm=""systemd"" exe=""/lib/systemd/systemd"" hostname=? addr=? terminal=? res=success'",b295a08b,"pid=1 uid=0 auid=4294967295 ses=4294967295 msg='unit=phpsessionclean comm=""systemd"" exe=""/lib/systemd/systemd"" hostname=? addr=? terminal=? res=success'",2
pid=10125 uid=0 old-auid=4294967295 auid=0 tty=(none) old-ses=4294967295 ses=65 res=1,322c8652,pid=10125 uid=0 old-auid=4294967295 auid=0 tty=(none) old-ses=4294967295 ses=65 res=1,1
"pid=10125 uid=0 auid=0 ses=65 msg='op=PAM:session_close acct=""root"" exe=""/usr/sbin/cron"" hostname=? addr=? terminal=cron res=success'",97f26892,"<*> uid=0 <*> <*> <*> acct=""root"" exe=""/usr/sbin/cron"" hostname=? addr=? terminal=cron res=success'",1
"pid=10125 uid=0 auid=0 ses=65 msg='op=PAM:session_open acct=""root"" exe=""/usr/sbin/cron"" hostname=? addr=? terminal=cron res=success'",97f26892,"<*> uid=0 <*> <*> <*> acct=""root"" exe=""/usr/sbin/cron"" hostname=? addr=? terminal=cron res=success'",1
"pid=10125 uid=0 auid=0 ses=65 msg='op=PAM:setcred acct=""root"" exe=""/usr/sbin/cron"" hostname=? addr=? terminal=cron res=success'",97f26892,"<*> uid=0 <*> <*> <*> acct=""root"" exe=""/usr/sbin/cron"" hostname=? addr=? terminal=cron res=success'",1
"pid=10125 uid=0 auid=4294967295 ses=4294967295 msg='op=PAM:accounting acct=""root"" exe=""/usr/sbin/cron"" hostname=? addr=? terminal=cron res=success'",97f26892,"<*> uid=0 <*> <*> <*> acct=""root"" exe=""/usr/sbin/cron"" hostname=? addr=? terminal=cron res=success'",1
"pid=10125 uid=0 auid=4294967295 ses=4294967295 msg='op=PAM:setcred acct=""root"" exe=""/usr/sbin/cron"" hostname=? addr=? terminal=cron res=success'",97f26892,"<*> uid=0 <*> <*> <*> acct=""root"" exe=""/usr/sbin/cron"" hostname=? addr=? terminal=cron res=success'",1
"pid=10197 uid=0 auid=4294967295 ses=4294967295 msg='op=PAM:accounting acct=""root"" exe=""/usr/sbin/cron"" hostname=? addr=? terminal=cron res=success'",97f26892,"<*> uid=0 <*> <*> <*> acct=""root"" exe=""/usr/sbin/cron"" hostname=? addr=? terminal=cron res=success'",1
"pid=10197 uid=0 auid=4294967295 ses=4294967295 msg='op=PAM:setcred acct=""root"" exe=""/usr/sbin/cron"" hostname=? addr=? terminal=cron res=success'",97f26892,"<*> uid=0 <*> <*> <*> acct=""root"" exe=""/usr/sbin/cron"" hostname=? addr=? terminal=cron res=success'",1
"pid=1 uid=0 auid=4294967295 ses=4294967295 msg='unit=phpsessionclean comm=""systemd"" exe=""/lib/systemd/systemd"" hostname=? addr=? terminal=? res=success'",b295a08b,"pid=1 uid=0 auid=4294967295 ses=4294967295 msg='unit=phpsessionclean comm=""systemd"" exe=""/lib/systemd/systemd"" hostname=? addr=? terminal=? res=success'",2
pid=10125 uid=0 old-auid=4294967295 auid=0 tty=(none) old-ses=4294967295 ses=65 res=1,322c8652,pid=10125 uid=0 old-auid=4294967295 auid=0 tty=(none) old-ses=4294967295 ses=65 res=1,1
"pid=10125 uid=0 auid=0 ses=65 msg='op=PAM:session_close acct=""root"" exe=""/usr/sbin/cron"" hostname=? addr=? terminal=cron res=success'",97f26892,"<*> uid=0 <*> <*> <*> acct=""root"" exe=""/usr/sbin/cron"" hostname=? addr=? terminal=cron res=success'",1
"pid=10125 uid=0 auid=0 ses=65 msg='op=PAM:session_open acct=""root"" exe=""/usr/sbin/cron"" hostname=? addr=? terminal=cron res=success'",97f26892,"<*> uid=0 <*> <*> <*> acct=""root"" exe=""/usr/sbin/cron"" hostname=? addr=? terminal=cron res=success'",1
"pid=10125 uid=0 auid=0 ses=65 msg='op=PAM:setcred acct=""root"" exe=""/usr/sbin/cron"" hostname=? addr=? terminal=cron res=success'",97f26892,"<*> uid=0 <*> <*> <*> acct=""root"" exe=""/usr/sbin/cron"" hostname=? addr=? terminal=cron res=success'",1
"pid=10125 uid=0 auid=4294967295 ses=4294967295 msg='op=PAM:accounting acct=""root"" exe=""/usr/sbin/cron"" hostname=? addr=? terminal=cron res=success'",97f26892,"<*> uid=0 <*> <*> <*> acct=""root"" exe=""/usr/sbin/cron"" hostname=? addr=? terminal=cron res=success'",1
"pid=10125 uid=0 auid=4294967295 ses=4294967295 msg='op=PAM:setcred acct=""root"" exe=""/usr/sbin/cron"" hostname=? addr=? terminal=cron res=success'",97f26892,"<*> uid=0 <*> <*> <*> acct=""root"" exe=""/usr/sbin/cron"" hostname=? addr=? terminal=cron res=success'",1
"pid=10197 uid=0 auid=4294967295 ses=4294967295 msg='op=PAM:accounting acct=""root"" exe=""/usr/sbin/cron"" hostname=? addr=? terminal=cron res=success'",97f26892,"<*> uid=0 <*> <*> <*> acct=""root"" exe=""/usr/sbin/cron"" hostname=? addr=? terminal=cron res=success'",1
"pid=10197 uid=0 auid=4294967295 ses=4294967295 msg='op=PAM:setcred acct=""root"" exe=""/usr/sbin/cron"" hostname=? addr=? terminal=cron res=success'",97f26892,"<*> uid=0 <*> <*> <*> acct=""root"" exe=""/usr/sbin/cron"" hostname=? addr=? terminal=cron res=success'",1
"pid=1 uid=0 auid=4294967295 ses=4294967295 msg='unit=phpsessionclean comm=""systemd"" exe=""/lib/systemd/systemd"" hostname=? addr=? terminal=? res=success'",b295a08b,"pid=1 uid=0 auid=4294967295 ses=4294967295 msg='unit=phpsessionclean comm=""systemd"" exe=""/lib/systemd/systemd"" hostname=? addr=? terminal=? res=success'",2
pid=10125 uid=0 old-auid=4294967295 auid=0 tty=(none) old-ses=4294967295 ses=65 res=1,322c8652,pid=10125 uid=0 old-auid=4294967295 auid=0 tty=(none) old-ses=4294967295 ses=65 res=1,1
"pid=10125 uid=0 auid=0 ses=65 msg='op=PAM:session_close acct=""root"" exe=""/usr/sbin/cron"" hostname=? addr=? terminal=cron res=success'",97f26892,"<*> uid=0 <*> <*> <*> acct=""root"" exe=""/usr/sbin/cron"" hostname=? addr=? terminal=cron res=success'",1
"pid=10125 uid=0 auid=0 ses=65 msg='op=PAM:session_open acct=""root"" exe=""/usr/sbin/cron"" hostname=? addr=? terminal=cron res=success'",97f26892,"<*> uid=0 <*> <*> <*> acct=""root"" exe=""/usr/sbin/cron"" hostname=? addr=? terminal=cron res=success'",1
"pid=10125 uid=0 auid=0 ses=65 msg='op=PAM:setcred acct=""root"" exe=""/usr/sbin/cron"" hostname=? addr=? terminal=cron res=success'",97f26892,"<*> uid=0 <*> <*> <*> acct=""root"" exe=""/usr/sbin/cron"" hostname=? addr=? terminal=cron res=success'",1
"pid=10125 uid=0 auid=4294967295 ses=4294967295 msg='op=PAM:accounting acct=""root"" exe=""/usr/sbin/cron"" hostname=? addr=? terminal=cron res=success'",97f26892,"<*> uid=0 <*> <*> <*> acct=""root"" exe=""/usr/sbin/cron"" hostname=? addr=? terminal=cron res=success'",1
"pid=10125 uid=0 auid=4294967295 ses=4294967295 msg='op=PAM:setcred acct=""root"" exe=""/usr/sbin/cron"" hostname=? addr=? terminal=cron res=success'",97f26892,"<*> uid=0 <*> <*> <*> acct=""root"" exe=""/usr/sbin/cron"" hostname=? addr=? terminal=cron res=success'",1
"pid=10197 uid=0 auid=4294967295 ses=4294967295 msg='op=PAM:accounting acct=""root"" exe=""/usr/sbin/cron"" hostname=? addr=? terminal=cron res=success'",97f26892,"<*> uid=0 <*> <*> <*> acct=""root"" exe=""/usr/sbin/cron"" hostname=? addr=? terminal=cron res=success'",1
"pid=10197 uid=0 auid=4294967295 ses=4294967295 msg='op=PAM:setcred acct=""root"" exe=""/usr/sbin/cron"" hostname=? addr=? terminal=cron res=success'",97f26892,"<*> uid=0 <*> <*> <*> acct=""root"" exe=""/usr/sbin/cron"" hostname=? addr=? terminal=cron res=success'",1
"pid=1 uid=0 auid=4294967295 ses=4294967295 msg='unit=phpsessionclean comm=""systemd"" exe=""/lib/systemd/systemd"" hostname=? addr=? terminal=? res=success'",b295a08b,"pid=1 uid=0 auid=4294967295 ses=4294967295 msg='unit=phpsessionclean comm=""systemd"" exe=""/lib/systemd/systemd"" hostname=? addr=? terminal=? res=success'",2
pid=10125 uid=0 old-auid=4294967295 auid=0 tty=(none) old-ses=4294967295 ses=65 res=1,322c8652,pid=10125 uid=0 old-auid=4294967295 auid=0 tty=(none) old-ses=4294967295 ses=65 res=1,1
"pid=10125 uid=0 auid=4294967295 ses=4294967295 msg='op=PAM:accounting acct=""root"" exe=""/usr/sbin/cron"" hostname=? addr=? terminal=cron res=success'",451712eb,"<*> uid=0 auid=4294967295 ses=4294967295 msg='op=PAM:accounting acct=""root"" exe=""/usr/sbin/cron"" hostname=? addr=? terminal=cron res=success'",1
"pid=10197 uid=0 auid=4294967295 ses=4294967295 msg='op=PAM:accounting acct=""root"" exe=""/usr/sbin/cron"" hostname=? addr=? terminal=cron res=success'",451712eb,"<*> uid=0 auid=4294967295 ses=4294967295 msg='op=PAM:accounting acct=""root"" exe=""/usr/sbin/cron"" hostname=? addr=? terminal=cron res=success'",1
"pid=10125 uid=0 auid=0 ses=65 msg='op=PAM:session_close acct=""root"" exe=""/usr/sbin/cron"" hostname=? addr=? terminal=cron res=success'",78f6ed83,"pid=10125 uid=0 auid=0 ses=65 msg='op=PAM:session_close acct=""root"" exe=""/usr/sbin/cron"" hostname=? addr=? terminal=cron res=success'",1
"pid=10125 uid=0 auid=0 ses=65 msg='op=PAM:session_open acct=""root"" exe=""/usr/sbin/cron"" hostname=? addr=? terminal=cron res=success'",861b8292,"pid=10125 uid=0 auid=0 ses=65 msg='op=PAM:session_open acct=""root"" exe=""/usr/sbin/cron"" hostname=? addr=? terminal=cron res=success'",1
"pid=10125 uid=0 auid=0 ses=65 msg='op=PAM:setcred acct=""root"" exe=""/usr/sbin/cron"" hostname=? addr=? terminal=cron res=success'",a6090fb2,"<*> uid=0 <*> <*> msg='op=PAM:setcred acct=""root"" exe=""/usr/sbin/cron"" hostname=? addr=? terminal=cron res=success'",1
"pid=10125 uid=0 auid=4294967295 ses=4294967295 msg='op=PAM:setcred acct=""root"" exe=""/usr/sbin/cron"" hostname=? addr=? terminal=cron res=success'",a6090fb2,"<*> uid=0 <*> <*> msg='op=PAM:setcred acct=""root"" exe=""/usr/sbin/cron"" hostname=? addr=? terminal=cron res=success'",1
"pid=10197 uid=0 auid=4294967295 ses=4294967295 msg='op=PAM:setcred acct=""root"" exe=""/usr/sbin/cron"" hostname=? addr=? terminal=cron res=success'",a6090fb2,"<*> uid=0 <*> <*> msg='op=PAM:setcred acct=""root"" exe=""/usr/sbin/cron"" hostname=? addr=? terminal=cron res=success'",1
"pid=1 uid=0 auid=4294967295 ses=4294967295 msg='unit=phpsessionclean comm=""systemd"" exe=""/lib/systemd/systemd"" hostname=? addr=? terminal=? res=success'",b295a08b,"pid=1 uid=0 auid=4294967295 ses=4294967295 msg='unit=phpsessionclean comm=""systemd"" exe=""/lib/systemd/systemd"" hostname=? addr=? terminal=? res=success'",2
